-- MySQL dump 10.13  Distrib 5.6.28, for debian-linux-gnu (x86_64)
--
-- Host: 127.0.0.1    Database: dashboard
-- ------------------------------------------------------
-- Server version	5.6.28-0ubuntu0.15.10.1

/*!40101 SET @OLD_CHARACTER_SET_CLIENT=@@CHARACTER_SET_CLIENT */;
/*!40101 SET @OLD_CHARACTER_SET_RESULTS=@@CHARACTER_SET_RESULTS */;
/*!40101 SET @OLD_COLLATION_CONNECTION=@@COLLATION_CONNECTION */;
/*!40101 SET NAMES utf8 */;
/*!40103 SET @OLD_TIME_ZONE=@@TIME_ZONE */;
/*!40103 SET TIME_ZONE='+00:00' */;
/*!40014 SET @OLD_UNIQUE_CHECKS=@@UNIQUE_CHECKS, UNIQUE_CHECKS=0 */;
/*!40014 SET @OLD_FOREIGN_KEY_CHECKS=@@FOREIGN_KEY_CHECKS, FOREIGN_KEY_CHECKS=0 */;
/*!40101 SET @OLD_SQL_MODE=@@SQL_MODE, SQL_MODE='NO_AUTO_VALUE_ON_ZERO' */;
/*!40111 SET @OLD_SQL_NOTES=@@SQL_NOTES, SQL_NOTES=0 */;

--
-- Table structure for table `admins`
--

DROP TABLE IF EXISTS `admins`;
/*!40101 SET @saved_cs_client     = @@character_set_client */;
/*!40101 SET character_set_client = utf8 */;
CREATE TABLE `admins` (
  `id` int(10) unsigned NOT NULL AUTO_INCREMENT,
  `user_id` int(11) NOT NULL,
  `full_name` varchar(250) COLLATE utf8_unicode_ci NOT NULL,
  `created_at` timestamp NOT NULL DEFAULT '0000-00-00 00:00:00',
  `updated_at` timestamp NOT NULL DEFAULT '0000-00-00 00:00:00',
  PRIMARY KEY (`id`)
) ENGINE=InnoDB DEFAULT CHARSET=utf8 COLLATE=utf8_unicode_ci;
/*!40101 SET character_set_client = @saved_cs_client */;

--
-- Dumping data for table `admins`
--

LOCK TABLES `admins` WRITE;
/*!40000 ALTER TABLE `admins` DISABLE KEYS */;
/*!40000 ALTER TABLE `admins` ENABLE KEYS */;
UNLOCK TABLES;

--
-- Table structure for table `entries`
--

DROP TABLE IF EXISTS `entries`;
/*!40101 SET @saved_cs_client     = @@character_set_client */;
/*!40101 SET character_set_client = utf8 */;
CREATE TABLE `entries` (
  `id` int(11) NOT NULL AUTO_INCREMENT,
  `username` varchar(20) NOT NULL,
  `source` varchar(10) NOT NULL,
  `destination` varchar(10) NOT NULL,
  `journey_date` date NOT NULL,
  `travel_time` time NOT NULL,
  `cab_time` time NOT NULL,
  `group_size` tinyint(2) NOT NULL DEFAULT '1',
  PRIMARY KEY (`id`)
) ENGINE=InnoDB DEFAULT CHARSET=latin1;
/*!40101 SET character_set_client = @saved_cs_client */;

--
-- Dumping data for table `entries`
--

LOCK TABLES `entries` WRITE;
/*!40000 ALTER TABLE `entries` DISABLE KEYS */;
/*!40000 ALTER TABLE `entries` ENABLE KEYS */;
UNLOCK TABLES;

--
-- Table structure for table `freshers`
--

DROP TABLE IF EXISTS `freshers`;
/*!40101 SET @saved_cs_client     = @@character_set_client */;
/*!40101 SET character_set_client = utf8 */;
CREATE TABLE `freshers` (
  `id` int(3) DEFAULT NULL,
  `roll` int(9) DEFAULT NULL,
  `name` varchar(31) DEFAULT NULL,
  `gender` varchar(6) DEFAULT NULL,
  `discipline` varchar(13) DEFAULT NULL,
  `hostel` varchar(11) DEFAULT NULL,
  `room` varchar(5) DEFAULT NULL,
  `webmail` varchar(23) DEFAULT NULL,
  `division` varchar(3) DEFAULT NULL,
  `lab_group` varchar(3) DEFAULT NULL,
  `tut_group` varchar(5) DEFAULT NULL,
  `sa_name` varchar(12) DEFAULT NULL,
  `sa_group` varchar(4) DEFAULT NULL,
  `sa_skill` varchar(4) DEFAULT NULL
) ENGINE=MyISAM DEFAULT CHARSET=utf8;
/*!40101 SET character_set_client = @saved_cs_client */;

--
-- Dumping data for table `freshers`
--

LOCK TABLES `freshers` WRITE;
/*!40000 ALTER TABLE `freshers` DISABLE KEYS */;
INSERT INTO `freshers` VALUES (1,160101001,'AADIL HODA','Male','CSE','Siang','173','aadil','III','L6','T8','#N/A','#N/A','#N/A'),(2,160101002,'AAYUSH SANJAY AGARWAL','Male','CSE','Siang','134','aayush2016','III','L6','T8','Badminton','A','B'),(3,160101003,'ABHAY KSHATRIYA','Male','CSE','Siang','115','kshatriya.abhay','III','L6','T8','Badminton','A','A'),(4,160101004,'ABHINAV HINGER','Male','CSE','Siang','174','abhinavh','III','L6','T8','Basketball','A','A'),(5,160101005,'ABHINAV MISHRA','Male','CSE','Siang','30','abmishra1','III','L6','T8','Athletics','A','A'),(6,160101006,'ABHISHEK BHARDWAJ','Male','CSE','Siang','147','abhardwaj1998','III','L6','T8','Yoga','A','A'),(7,160101007,'ABHISHEK KUMAR KOTIYA','Male','CSE','Siang','57','iitianakk','III','L6','T8','Athletics','A','B'),(8,160101008,'ABHISHEK RANJAN','Male','CSE','Siang','137','avisek.ranjan','III','L6','T8','Athletics','A','B'),(9,160101009,'ABHISHEK SURYAVANSHI','Male','CSE','Siang','170','abhishek_7','III','L6','T8   ','Table Tennis','A','A'),(10,160101010,'ADITYA CHOUHAN','Male','CSE','Siang','51','adityachouhan','III','L6','T8   ','Cricket','A','A'),(11,160101011,'AKHIL CHANDRA PANCHUMARTHI','Male','CSE','Siang','125','akhil.ch','III','L6','T8   ','Basketball','A','A'),(12,160101012,'ANSH SOOD','Male','CSE','Siang','21','ansh.sood','III','L6','T8   ','Badminton','A','A'),(13,160101013,'APURVA N SARAOGI','Male','CSE','Siang','172','apurva9','III','L6','T8   ','Badminton','A','C'),(14,160101014,'ARPAN KONAR','Male','CSE','Siang','42','arpankonar10','III','L6','T8   ','Football','A','A'),(15,160101015,'ARPIT GUPTA','Male','CSE','Siang','45','arpitgupta','III','L6','T8   ','Table Tennis','A','B'),(16,160101016,'ASHVEEN BANSAL','Male','CSE','Siang','113','ashveenbansal','III','L6','T8   ','Badminton','A','C'),(17,160101017,'AUTONU KRO','Male','CSE','Siang','47','autonu','III','L6','T8   ','Yoga','A','A'),(18,160101018,'AVINASH UCHCHAINIYA','Male','CSE','Siang','58','iitianavinash3142','III','L6','T8   ','Volleyball','A','A'),(19,160101019,'BALABOLU TUSHARA LANGULYA','Female','CSE','Dhansiri','AS28','tusharalangulya','III','L6','T8   ','Yoga','A','B'),(20,160101020,'BEDADHALA MANOJ REDDY','Male','CSE','Siang','169','manoj.reddy159','III','L6','T8   ','Cricket','A','A'),(21,160101021,'BHADKE RAJAS JAGANNATH','Male','CSE','Siang','16','rajas112','III','L6','T8   ','Table Tennis','A','A'),(22,160101022,'BODDU HARI','Male','CSE','Siang','155','hariboddu_98','III','L6','T8   ','Cricket','A','B'),(23,160101023,'CHANDRA PRAKASH MEENA','Male','CSE','Siang','19','prakash.meena','III','L6','T8   ','Hockey','A','A'),(24,160101024,'DAMAN TEKCHANDANI','Male','CSE','Siang','25','daman','III','L6','T8   ','Football','A','A'),(25,160101025,'DIVYAM AGARWAL','Male','CSE','Siang','32','Divyam.agarwal','III','L6','T8   ','Basketball','A','A'),(26,160101026,'DIVYANSH SHARMA','Male','CSE','Siang','40','sharma.divyansh.501','III','L6','T8   ','Hockey','A','A'),(27,160101027,'DURGESH YADAV','Male','CSE','Siang','29','dy_769.yadav','III','L6','T8   ','Volleyball','A','A'),(28,160101028,'EKTA DHAN','Female','CSE','Dhansiri','AS29','ekta.dhan','III','L6','T8   ','Yoga','A','A'),(29,160101029,'GUDALA AJAYRAM','Male','CSE','Siang','152','ajayram515','III','L6','T8   ','Lawn Tennis','A','A'),(30,160101030,'HARSHIT AGRAWAL','Male','CSE','Siang','116','harshit2016','III','L6','T8   ','Badminton','A','B'),(31,160101031,'HARSHIT GUPTA','Male','CSE','Siang','159','harshitgupta','III','L6','T8   ','Badminton','A','C'),(32,160101032,'HARSHIT SHARMA','Male','CSE','Siang','26','harshitsharma_26','III','L6','T8   ','Basketball','A','A'),(33,160101033,'HARSHIT SRIVASTAVA','Male','CSE','Siang','63','harshitsriv','III','L6','T8   ','Table Tennis','A','A'),(34,160101034,'HEMANT YADAV','Male','CSE','Siang','142','hemant.yadav','III','L6','T8   ','Athletics','A','B'),(35,160101035,'INDERPREET SINGH CHERA','Male','CSE','Lohit','A014','inderchera','III','L6','T8   ','Badminton','A','C'),(36,160101036,'JATIN GOYAL','Male','CSE','Lohit','A038','jatingoyal','III','L6','T8   ','Badminton','A','B'),(37,160101037,'KAKUSTHAM ANURAG','Male','CSE','Lohit','B016','kakusthamanurag','III','L6','T8   ','Lawn Tennis','A','B'),(38,160101038,'KANIKA AGARWAL','Female','CSE','Dhansiri','AT27','kanika28','III','L6','T8   ','#N/A','#N/A','#N/A'),(39,160101039,'KAPIL GOYAL','Male','CSE','Lohit','B008','kapil.goyal','III','L6','T8   ','Badminton','A','C'),(40,160101040,'MALLALA BHARGAV','Male','CSE','Lohit','B024','bhargav.mallala','III','L6','T8   ','Badminton','A','B'),(41,160101041,'MANTRI SANDEEP NAIDU','Male','CSE','Lohit','A009','sandeep.mantri','III','L6','T8   ','Yoga','A','B'),(42,160101042,'MITANSH JAIN','Male','CSE','Lohit','A012','mitansh1398','III','L6','T8   ','Badminton','A','B'),(43,160101043,'MOHIT SINGH','Male','CSE','Lohit','B017','mohitsingh','III','L6','T8   ','Cricket','A','B'),(44,160101044,'MUKUL VERMA','Male','CSE','Lohit','A010','mkv_1998','III','L6','T8   ','Football','A','B'),(45,160101045,'MYNENI LAKSHMISAIDURGA','Female','CSE','Dhansiri','AS25','saidurga','III','L6','T8   ','Yoga','A','A'),(46,160101046,'NAMIT KUMAR','Male','CSE','Lohit','A033','namitkrarya','III','L6','T8   ','Badminton','A','A'),(47,160101047,'NIKHIL KUMAR','Male','CSE','Lohit','B011','nikhilabcdenk','III','L6','T9   ','Badminton','A','B'),(48,160101048,'NITIN KEDIA','Male','CSE','Lohit','B002','kedia_nitin','III','L6','T9   ','Table Tennis','A','A'),(49,160101049,'PANT ROHIT RAKESH','Male','CSE','Lohit','B004','rohit.pant','III','L6','T9   ','#N/A','#N/A','#N/A'),(50,160101050,'PARANJAY BAGGA','Male','CSE','Lohit','A015','paranjay14','III','L6','T9   ','Football','A','B'),(51,160101051,'PHOOL CHANDRA','Male','CSE','Lohit','A032','phoolchandra','III','L6','T9   ','Badminton','A','B'),(52,160101052,'POREDDY SAI KIRAN REDDY','Male','CSE','Lohit','B006','saikiranreddy.saikiran','III','L6','T9   ','Cricket','A','B'),(53,160101053,'RAHUL KUMAR','Male','CSE','Lohit','A035','rahul053','III','L6','T9   ','Athletics','A','B'),(54,160101054,'RAVI VENKATA NAGA PAVAN KUMAR','Male','CSE','Lohit','B033','pavan71198','III','L6','T9   ','Volleyball','A','B'),(55,160101055,'RITIK AGRAWAL','Male','CSE','Lohit','B022','ritik','III','L6','T9   ','Hockey','A','B'),(56,160101056,'SACHIN CHOUHAN','Male','CSE','Lohit','A005','sachin16','III','L6','T9   ','Hockey','A','A'),(57,160101057,'SAHIB KHAN','Male','CSE','Lohit','A037','sahib15khan','III','L6','T9   ','Badminton','A','B'),(58,160101058,'SAHIL GARHWAL','Male','CSE','Lohit','A013','garhwalsahil007','III','L6','T9   ','Badminton','A','B'),(59,160101059,'SAMYAK JAIN','Male','CSE','Lohit','B051','samyakjain','III','L6','T9   ','Badminton','A','A'),(60,160101060,'SANCHIT JANGIR','Male','CSE','Lohit','B023','sanchitjangir','III','L6','T9   ','Lawn Tennis','A','C'),(61,160101061,'SAURABH BAZARI','Male','CSE','Lohit','B025','saurabh.bazari','III','L6','T9   ','Lawn Tennis','A','C'),(62,160101062,'SAVINAY','Male','CSE','Lohit','A006','savinay','III','L6','T9   ','Badminton','A','B'),(63,160101063,'SAVSANI KEVIN MUKESHBHAI','Male','CSE','Lohit','A004','kevinmsavsani','III','L6','T9   ','Badminton','A','A'),(64,160101064,'SEELAM PRADEEPA','Female','CSE','Dhansiri','AT39','pradeepa.seelam','III','L6','T9   ','Yoga','A','B'),(65,160101065,'SHIMONA VERMA','Female','CSE','Dhansiri','AS28','shimona.verma','III','L6','T9   ','Yoga','A','B'),(66,160101066,'SHIVAM KUMAR','Male','CSE','Lohit','B009','shivam2016','III','L6','T9   ','Badminton','B','B'),(67,160101067,'SHREYANSHI BHARADIA','Female','CSE','Dhansiri','AS36','shreyanshi','III','L7','T9   ','Athletics','A','B'),(68,160101068,'SHUBENDU PATIDAR','Male','CSE','Lohit','A007','shubhendupatidar','III','L7','T9   ','#N/A','#N/A','#N/A'),(69,160101069,'SHUBHAM KUMAR KOUL','Male','CSE','Lohit','B047','shubhamkoul96','III','L7','T9   ','Yoga','A','A'),(70,160101070,'SHUBHANKER JAUHARI','Male','CSE','Lohit','A017','shubhankerjauhari','III','L7','T9   ','Basketball','A','B'),(71,160101071,'SIDDHARTH SHARMA','Male','CSE','Lohit','B003','','III','L7','T9   ','Yoga','C','A'),(72,160101072,'SPARSH BANSAL','Male','CSE','Lohit','A027','sparsh.bansal','III','L7','T9   ','Hockey','A','B'),(73,160101073,'SUJOY GHOSH','Male','CSE','Lohit','A011','ghoshsujoy19','III','L7','T9   ','Lawn Tennis','A','B'),(74,160101074,'SUMEDH MANWAR','Male','CSE','Lohit','A025','sumedhmanwar','III','L7','T9   ','#N/A','#N/A','#N/A'),(75,160101075,'VARUN KUMAR KEDIA','Male','CSE','Lohit','B050','varunkedia','III','L7','T9   ','Lawn Tennis','A','C'),(76,160101076,'VIVEK RAJ','Male','CSE','Lohit','B005','vivekraj','III','L7','T9   ','Hockey','A','B'),(77,160101077,'VYKUNTAM AKHIL','Male','CSE','Lohit','A036','akhil.vykuntam','III','L7','T9   ','Hockey','A','B'),(78,160101078,'WAKADE YUGANDHAR MORESHWAR','Male','CSE','Lohit','A018','wakade.yugandhar','III','L7','T9   ','Yoga','A','B'),(79,160101079,'YAGYANSH BHATIA','Male','CSE','Lohit','A039','yagyansh','III','L7','T9   ','#N/A','#N/A','#N/A'),(80,160101080,'YASH RATHORE','Male','CSE','Lohit','A026','yash16','III','L7','T9   ','Athletics','A','B'),(81,160102001,'AADITYA SANWAL','Male','ECE','Brahmaputra','T119','aadityasanwal','II','L3','T4   ','Hockey','A','A'),(82,160102002,'ABHISHEK MATHUR','Male','ECE','Brahmaputra','G125','abhishekmathur','II','L3','T4   ','Yoga','A','B'),(83,160102003,'AKASH KUMAR RAJAK','Male','ECE','Brahmaputra','G192','akash.raj25','II','L3','T4   ','Hockey','A','A'),(84,160102004,'AKUL AGRAWAL','Male','ECE','Brahmaputra','G187','akulagrawal','II','L3','T4   ','Badminton','B','B'),(85,160102005,'ALLU MANIK','Male','ECE','Brahmaputra','G033','allumanik','II','L3','T4   ','Lawn Tennis','A','A'),(86,160102006,'AMARTYA ROY','Male','ECE','Brahmaputra','T097','amartyaroy50','II','L3','T4   ','Table Tennis','A','A'),(87,160102007,'AMEYA DAIGAVANE','Male','ECE','Brahmaputra','#N/A','ameya.daigavane','II','L3','T4   ','Lawn Tennis','A','A'),(88,160102008,'AMEYA VIKRAM','Male','ECE','Brahmaputra','G206','ameya.vikram15','II','L3','T4   ','Football','A','A'),(89,160102009,'AMRITANSH KUMAR SHARMA','Male','ECE','Brahmaputra','G238','amritansh.sharma','II','L3','T4   ','Basketball','A','B'),(90,160102010,'ANAND','Male','ECE','Brahmaputra','G158','asranand7','II','L3','T4   ','Badminton','B','B'),(91,160102011,'ANIKET BALIYAN','Male','ECE','Brahmaputra','T111','aniketbaliyan','II','L3','T4   ','Football','A','A'),(92,160102012,'ANKUR PRAKASH','Male','ECE','Brahmaputra','G104','ankur.prakash','II','L3','T4   ','Football','A','B'),(93,160102013,'ANVITA CHOUDHARY','Female','ECE','Dhansiri','AT27','anvitachoudhary','II','L3','T4   ','#N/A','#N/A','#N/A'),(94,160102014,'ARCHANA','Female','ECE','Dhansiri','AT37','archana1999','II','L3','T4   ','Yoga','A','A'),(95,160102015,'AYUSH SHIVALI','Male','ECE','Brahmaputra','G124','ayush11aleven','II','L3','T4   ','Basketball','A','B'),(96,160102016,'BATHULA MANOJ','Male','ECE','Brahmaputra','G084','manoj619','II','L3','T4   ','Cricket','A','A'),(97,160102017,'CHINTALA JALASWI','Female','ECE','Dhansiri','AS32','jalaswichintala.44','II','L3','T4   ','Lawn Tennis','A','A'),(98,160102018,'CHIPPA ANUDEEP','Male','ECE','Brahmaputra','F241','chippa2016','II','L3','T4   ','Cricket','A','B'),(99,160102019,'CHITIPROLU AJITH','Male','ECE','Brahmaputra','S099','chitiprolu.ajith','II','L3','T4','Volleyball','A','A'),(100,160102020,'DEEPAK KUMAR GOUDA','Male','ECE','Brahmaputra','G132','deepak.gouda','II','L3','T4','Football','A','B'),(101,160102021,'DHEERAJ SARAF','Male','ECE','Brahmaputra','G161','dheeraj.saraf','II','L3','T4','Basketball','A','B'),(102,160102022,'DIPJYOTI DAS','Male','ECE','Brahmaputra','T098','dipjyotidas1998','II','L3','T4','Table Tennis','A','A'),(103,160102023,'EKAGRA RANJAN','Male','ECE','Brahmaputra','T100','ekagra.ranjan','II','L3','T4','Volleyball','A','A'),(104,160102024,'ESHANT VERMA','Male','ECE','Brahmaputra','G163','eshantv','II','L3','T4','Basketball','A','B'),(105,160102025,'GAURAV LIKHAR','Male','ECE','Brahmaputra','F172','gauravlikhar','II','L3','T4','Volleyball','A','A'),(106,160102026,'GOLI RAVITEJA','Male','ECE','Brahmaputra','G094','raviteja.goli','II','L3','T4','Athletics','A','B'),(107,160102027,'HARIDAYAL BAGHEL','Male','ECE','Brahmaputra','G105','haridayal','II','L3','T4','Basketball','A','B'),(108,160102028,'ITTAMSETTY HARSHA VARDHAN','Male','ECE','Brahmaputra','G117','harshavardhanittamsetty','II','L3','T4','Volleyball','A','A'),(109,160102029,'KADAM MANISH DNYANESHWAR','Male','ECE','Brahmaputra','T115','kadam.manish','II','L3','T5','#N/A','#N/A','#N/A'),(110,160102030,'KARAJADA MANOJKUMAR','Male','ECE','Brahmaputra','S156','karajada.manoj','II','L3','T5','Basketball','A','B'),(111,160102031,'KHARWADKAR SAGAR SACHIN','Male','ECE','Brahmaputra','G169','sagar.kharwadkar','II','L3','T5','Cricket','A','A'),(112,160102032,'KOLLA VENKATA MANIDEEP','Male','ECE','Brahmaputra','#N/A','manideepkolla','II','L3','T5','Cricket','A','A'),(113,160102033,'KONDA CHANDU','Male','ECE','Brahmaputra','S057','Kondachandu1998','II','L3','T5','Basketball','A','B'),(114,160102034,'KURUBA ABHIJITH','Male','ECE','Brahmaputra','S084','kuruba','II','L3','T5','Lawn Tennis','A','A'),(115,160102035,'M DURGA PRASAD','Male','ECE','Brahmaputra','T121','prasad','II','L3','T5','Basketball','A','A'),(116,160102036,'M SIVA VENKATA RANGA REDDY','Male','ECE','Brahmaputra','F231','shiva1998r','II','L3','T5','Table Tennis','A','A'),(117,160102037,'MALLAPURAM VENKATA SAI','Male','ECE','Brahmaputra','T084','mallapuram','II','L3','T5','Basketball','A','B'),(118,160102038,'MAMIDI CHANDRA MOULI','Male','ECE','Brahmaputra','T256','chandramouli.m_111','II','L3','T5','Volleyball','A','B'),(119,160102039,'MANCHINELLA SAI ABHISHEK','Male','ECE','Brahmaputra','F188','sai.abhishek','II','L4','T5','Basketball','A','B'),(120,160102040,'MAYANK SINGLA','Male','ECE','Brahmaputra','F217','mayank_singla','II','L4','T5','Table Tennis','A','A'),(121,160102041,'MRIDUL SHARMA','Male','ECE','Brahmaputra','G246','mridulsh98','II','L4','T5','Football','A','A'),(122,160102042,'MUDAVATH BHASKAR','Male','ECE','Brahmaputra','S033','Sribhaskar9542','II','L4','T5','Volleyball','A','A'),(123,160102043,'MUDAVATH MALLESH','Male','ECE','Brahmaputra','S034','malleshmudavath45','II','L4','T5','Cricket','A','A'),(124,160102044,'NAGENDRA BALOT','Male','ECE','Brahmaputra','F099','nkbalot','II','L4','T5','Athletics','A','B'),(125,160102045,'NAGIREDDY PRAVARDHAN','Male','ECE','Brahmaputra','T045','pravardhan','II','L4','T5','Lawn Tennis','A','A'),(126,160102046,'NILESH MITTAL','Male','ECE','Brahmaputra','G223','nilesh.mittal','II','L4','T5','Basketball','A','B'),(127,160102047,'NITESH JINDAL','Male','ECE','Brahmaputra','G222','Nitesh_Jindal','II','L4','T5','#N/A','#N/A','#N/A'),(128,160102048,'PARTH MAHESHWARI','Male','ECE','Brahmaputra','G247','parthm1801','II','L4','T5','Basketball','A','B'),(129,160102049,'PIYUSH RAJ','Male','ECE','Brahmaputra','G036','piyushraj','II','L4','T5','Cricket','A','B'),(130,160102050,'PRATEEK SHARMA','Male','ECE','Brahmaputra','G186','prateek246','II','L4','T5','#N/A','#N/A','#N/A'),(131,160102051,'RAJAT PALIWAL','Male','ECE','Brahmaputra','F096','rajatpaliwal2812','II','L4','T5','Football','A','A'),(132,160102052,'RAJEEV NAYAN','Male','ECE','Brahmaputra','S136','r.nayan','II','L4','T5','Volleyball','A','A'),(133,160102053,'RAUSHAN KUMAR','Male','ECE','Brahmaputra','G188','raushanrk17','II','L4','T5','Volleyball','A','A'),(134,160102054,'RAUSHAN SINGH','Male','ECE','Brahmaputra','G257','raushansingh1401','II','L4','T5','Athletics','A','B'),(135,160102055,'RAYAPU SAI PRANAV REDDY','Male','ECE','Brahmaputra','G160','pranavreddy10','II','L4','T5','Lawn Tennis','A','A'),(136,160102056,'ROHIT GUPTA','Male','ECE','Brahmaputra','G157','rohitmm','II','L4','T5','Badminton','B','B'),(137,160102057,'SACHIT KUHAR','Male','ECE','Brahmaputra','S141','kuhar','II','L4','T5','#N/A','#N/A','#N/A'),(138,160102058,'SANKALP JAIN','Male','ECE','Brahmaputra','F125','sankalp.jain10','II','L4','T5','Badminton','B','B'),(139,160102059,'SAURABH RAI','Male','ECE','Brahmaputra','G073','saurabh.rai','II','L4','T5','Cricket','A','B'),(140,160102060,'SHANKHAJYOTI DE','Male','ECE','Brahmaputra','S214','shankhajyoti','II','L4','T5','Athletics','A','B'),(141,160102061,'SHASHANK VATS','Male','ECE','Brahmaputra','#N/A','shashankvats','II','L4','T5','#N/A','#N/A','#N/A'),(142,160102062,'SHRUTI MITTAL','Female','ECE','Dhansiri','AS36','shrutimittal','II','L4','T5','#N/A','#N/A','#N/A'),(143,160102063,'SIDHARTH HEMANI','Male','ECE','Brahmaputra','G095','sidharthhemani1','II','L4','T5','Table Tennis','A','A'),(144,160102064,'SPARSH JAIN','Male','ECE','Brahmaputra','G168','sparshjain257','II','L4','T5','Badminton','B','B'),(145,160102065,'TARUN KUMAR YADAV','Male','ECE','Brahmaputra','G159','tarun1998','II','L4','T5','Lawn Tennis','A','B'),(146,160102066,'TEJAS K ATREYA','Male','ECE','Brahmaputra','T147','atreya.tejas','II','L4','T5','Table Tennis','A','A'),(147,160102067,'UDDESHYA MATHUR','Male','ECE','Brahmaputra','G245','uddeshya_mathur','II','L4','T5','Badminton','B','B'),(148,160102068,'UTKARSH SINGH','Male','ECE','Brahmaputra','F218','utkarsh.s','II','L4','T5','Badminton','B','B'),(149,160102069,'VEMURI DHARANI NATH','Male','ECE','Brahmaputra','G085','dharani.v_123','II','L4','T5','Basketball','A','B'),(150,160102070,'VIVEK RAJPUT','Male','ECE','Brahmaputra','G115','vivek.rajput','II','L4','T5','Hockey','A','A'),(151,160102071,'WAGHMARE SANKET','Male','ECE','Brahmaputra','G012','sanketww','II','L4','T5','Hockey','A','A'),(152,160102072,'YASH KULKARNI','Male','ECE','Brahmaputra','F229','yashsk98','II','L4','T5','#N/A','#N/A','#N/A'),(153,160102073,'YASHWANTH KUMAR TIRUPATI','Male','ECE','Brahmaputra','T110','yashwanthkumart98','II','L4','T5','Badminton','B','B'),(154,160103001,'AAKASH KUMAR','Male','ME','Umiam','A034','aakashkumarjagia1997','I','L1','T1','#N/A','#N/A','#N/A'),(155,160103002,'ABHAY PRATAP SINGH','Male','ME','Umiam','B050','abhay.ps.rathaur','I','L1','T1','Football','A','A'),(156,160103003,'ABHISHEK TIWARI','Male','ME','Umiam','B003','Abhishektiwari18448','I','L1','T1','Lawn Tennis','A','A'),(157,160103004,'ABHISHEK VERMA','Male','ME','Umiam','B008','abhishekverma284','I','L1','T1','Lawn Tennis','A','B'),(158,160103005,'AGARWAL TEJAL SANJAY','Female','ME','Dhansiri','#N/A','agarwaltejaal','I','L1','T1','Yoga','A','B'),(159,160103006,'AKASH DEY SARKAR','Male','ME','Umiam','AT30','akashdeysarkar.ads','I','L1','T1','#N/A','#N/A','#N/A'),(160,160103007,'AKSHAY KUMAR BAIRWA','Male','ME','Umiam','A003','st.0792','I','L1','T1','Basketball','A','B'),(161,160103008,'AMAN GOSWAMI','Male','ME','Umiam','A012','aman.goswami97','I','L1','T1','Badminton','B','A'),(162,160103009,'AMIT KUMAR','Male','ME','Umiam','B018','amit.kumar10156','I','L1','T1','Volleyball','A','A'),(163,160103010,'ANIKET MANDLE','Male','ME','Umiam','A029','aniketmandle11','I','L1','T1','Football','A','A'),(164,160103011,'ANMOL DEEP','Male','ME','Umiam','A051','adeep','I','L1','T1','Athletics','A','B'),(165,160103012,'AYUSH KUMAR CHOUDHARY','Male','ME','Umiam','A044','ayush2016','I','L1','T1','Table Tennis','A','B'),(166,160103013,'AYUSHMAAN YADAV','Male','ME','Umiam','B014','ayushmaan.yadav','I','L1','T1','Athletics','A','A'),(167,160103014,'BARFIWALA DHRUVA DIGESH','Male','ME','Umiam','#N/A','','I','L1','T1','#N/A','#N/A','#N/A'),(168,160103015,'CHAKRAVADHANULA VEDANT VENKAT','Male','ME','Umiam','A041','vedantc98','I','L1','T1','Athletics','A','B'),(169,160103016,'CHANDAN T','Male','ME','Umiam','B007','chandan.t','I','L1','T1','Volleyball','A','A'),(170,160103017,'CHANDRAHAS KUMAR','Male','ME','Umiam','B001','chandu1001','I','L1','T1','Volleyball','A','B'),(171,160103018,'CHAUHAN SAMARTH MANISHKUMAR','Male','ME','Umiam','B016','samarthchauhan79','I','L1','T1','Table Tennis','A','A'),(172,160103019,'DASARI RAGHUPRASAD','Male','ME','Umiam','B015','raghudasari','I','L1','T1','Cricket','A','A'),(173,160103020,'DATTI NAVEEN','Male','ME','Umiam','B004','datti.naveen','I','L1','T1','Volleyball','A','A'),(174,160103021,'DEEP ANAND BASUMATARY','Male','ME','Umiam','B006','Deepanand','I','L1','T1','Badminton','B','B'),(175,160103022,'DEEPAK RAJPUROHIT','Male','ME','Umiam','A042','rajpurohit.deepak','I','L1','T1','Basketball','A','B'),(176,160103023,'DEEPESH CHOUDHARY','Male','ME','Umiam','A002','deepesh2016','I','L1','T1','Yoga','A','A'),(177,160103024,'DEVASHISH KUMAR','Male','ME','Umiam','B023','devashish','I','L1','T1','Volleyball','A','A'),(178,160103025,'DHIRAJ MITTAL','Male','ME','Umiam','A015','dhiraj.mittal','I','L1','T1','Badminton','B','B'),(179,160103026,'DHONGDE YASH BHAGWAN','Male','ME','Umiam','B017','yash.dhongde','I','L1','T1','Volleyball','A','A'),(180,160103027,'DILIP SAINI','Male','ME','Umiam','A046','dilip.saini','I','L1','T1','Badminton','B','B'),(181,160103028,'DUDDU VARAPRASAD','Male','ME','Brahmaputra','G092','varaprasad','I','L1','T1','Table Tennis','A','B'),(182,160103029,'DYUMAN VILASKUMAR JOSHI','Male','ME','Brahmaputra','T117','dyuman_j','I','L1','T1','Football','A','A'),(183,160103030,'GALLA LAHARI','Female','ME','Dhansiri','AS33','galla.lahari','I','L1','T1','#N/A','#N/A','#N/A'),(184,160103031,'GANPAT LAL SONARIWAL','Male','ME','Brahmaputra','G153','ganpat','I','L1','T1','Football','A','B'),(185,160103032,'GAURAV JAISWAL','Male','ME','Brahmaputra','T093','gaurav_jaiswal','I','L1','T1','Table Tennis','A','B'),(186,160103033,'GUTAPU ROHITH KUMAR','Male','ME','Brahmaputra','S106','grk_5','I','L1','T1','Cricket','A','A'),(187,160103034,'HIMANSH KUMAR MITTAL','Male','ME','Brahmaputra','G008','himanshmittal','I','L1','T1','Basketball','A','B'),(188,160103035,'HIMANSHU MEENA','Male','ME','Brahmaputra','F219','himanshu_meena','I','L1','T1','Yoga','A','B'),(189,160103036,'HIMANSHU VERMA','Male','ME','Brahmaputra','G209','himanshu27','I','L1','T1','Football','A','A'),(190,160103037,'HRIDYANSH VERMA','Male','ME','Brahmaputra','G228','hridyanshverma','I','L1','T1','Football','A','A'),(191,160103038,'JATIN KUMAR MANGAL','Male','ME','Brahmaputra','F179','jatin.mangal','I','L1','T1','Basketball','B','B'),(192,160103039,'KALANI ADITYA SACHIN','Male','ME','Brahmaputra','F101','adityakalani','I','L1','T1','Basketball','B','B'),(193,160103040,'KARTIK KANAN','Male','ME','Brahmaputra','T127','','I','L1','T1','Volleyball','A','A'),(194,160103041,'KAUSHAL KUMAR','Male','ME','Brahmaputra','F025','','I','L1','T1','Volleyball','A','A'),(195,160103042,'LOKHANDE PRANIT DILIP','Male','ME','Brahmaputra','G202','pranit.0804','I','L1','T1','Football','A','A'),(196,160103043,'MALOTHU SRINIVAS','Male','ME','Brahmaputra','G147','srinivas.malothu','I','L1','T1','Cricket','A','B'),(197,160103044,'MAMIDI VENKATESH','Male','ME','Brahmaputra','T267','venky1998','I','L1','T1','Volleyball','B','B'),(198,160103045,'MANTHAN SHARMA','Male','ME','Brahmaputra','S161','manthansharma.33','I','L1','T1','Football','A','A'),(199,160103046,'MAYANK KUMAR','Male','ME','Brahmaputra','G203','mayank333','I','L1','T1','Volleyball','B','A'),(200,160103047,'MD ZIYAUL HAQUE','Male','ME','Brahmaputra','T266','mdziyaul','I','L1','T1','Volleyball','B','B'),(201,160103048,'MOHAMMED ASIF KHAN','Male','ME','Brahmaputra','S091','md.asifkhan','I','L1','T2','Badminton','B','B'),(202,160103049,'MOTHIKA HEMANTH','Male','ME','Brahmaputra','G048','hemanth_m','I','L1','T2','Volleyball','B','A'),(203,160103050,'MRATUNJAY SINGH BHADORIYA','Male','ME','Brahmaputra','F043','jaysingh1810','I','L1','T2','Basketball','B','B'),(204,160103051,'NAMAN PAL','Male','ME','Brahmaputra','G216','naman.pal','I','L1','T2','Hockey','A','A'),(205,160103052,'NIMIT VIJAY','Male','ME','Brahmaputra','G090','nimitvijay6','I','L1','T2','Football','A','B'),(206,160103053,'NISHANT SHEKHAR','Male','ME','Brahmaputra','S009','nishant.s.3040','I','L1','T2','Football','A','A'),(207,160103054,'NITUL DEORI','Male','ME','Brahmaputra','F140','nitul.deori','I','L1','T2','Athletics','A','B'),(208,160103055,'PANKAJ KUMAR MANDAL','Male','ME','Brahmaputra','T180','pankaj.mandal','I','L1','T2','#N/A','#N/A','#N/A'),(209,160103056,'PARIKH RUDRA RASESH','Male','ME','Brahmaputra','F171','rudraparikh21','I','L1','T2','Basketball','B','B'),(210,160103057,'PARV JAIN','Male','ME','Brahmaputra','G131','parv.jain','I','L1','T2','Volleyball','B','A'),(211,160103058,'RAHUL SAXENA','Male','ME','Brahmaputra','G151','rahul.saxena','I','L1','T2','Yoga','A','B'),(212,160103059,'RAHUL YADAV','Male','ME','Brahmaputra','T248','rahulyadav','I','L1','T2','Basketball','B','A'),(213,160103060,'RAVI KANT PANDEY','Male','ME','Brahmaputra','F120','ravikantpandey113','I','L1','T2','Basketball','B','B'),(214,160103061,'RISHABH SACHAN','Male','ME','Brahmaputra','G210','rishabhsunil541','I','L1','T2','Basketball','B','B'),(215,160103062,'SACHIN SHARMA','Male','ME','Brahmaputra','G230','sachinsharma','I','L1','T2','Yoga','A',''),(216,160103063,'SAGAR PANWAR','Male','ME','Brahmaputra','F139','sagarpanwar','I','L1','T2','Basketball','B','B'),(217,160103064,'SAPAVAT AMARNATH','Male','ME','Brahmaputra','S088','Amarnathnayak051','I','L1','T2','Volleyball','B','A'),(218,160103065,'SHAILESH KUMAR','Male','ME','Brahmaputra','T105','shailesh_123','I','L1','T2','Table Tennis','A','A'),(219,160103066,'SHETH PARTH MAHESH','Male','ME','Brahmaputra','F247','parthsheth','I','L1','T2','Football','B','A'),(220,160103067,'SHRAWAN AGRAWAL','Male','ME','Kameng','B2001','shrawan.a','I','L2','T2','Yoga','A','B'),(221,160103068,'SHUBHANSH AWASTHI','Male','ME','Kameng','B2002','shubhansh','I','L2','T2','Athletics','A','B'),(222,160103069,'SUDHANSHU VERMA','Male','ME','Kameng','B2003','sudhanshuverma9198','I','L2','T2','Volleyball','B','A'),(223,160103070,'SURYANSH SINGH','Male','ME','Kameng','B2004','suryansh','I','L2','T2','Cricket','A','B'),(224,160103071,'THANGELLA SRIKAR REDDY','Male','ME','Kameng','B2005','shrikar.reddy','I','L2','T2','Athletics','A','B'),(225,160103072,'THARUN PATNAIK MADALA','Male','ME','Kameng','B2006','tharun1201','I','L2','T2','Badminton','B','B'),(226,160103073,'UTKARSH AGGARWAL','Male','ME','Kameng','B2007','utk.agg','I','L2','T2','Yoga','A','B'),(227,160103074,'VIKAS KUMAR','Male','ME','Kameng','B2008','vikas2016','I','L2','T2','Yoga','A','A'),(228,160103075,'VISHVA JEET','Male','ME','Kameng','B2009','vishva.jeet','I','L2','T2','Athletics','A','B'),(229,160103076,'VRISHANK BHARDWAJ','Male','ME','Kameng','B2010','vrishank','I','L2','T2','Yoga','A','C'),(230,160103077,'YASH KULKARNI','Male','ME','Kameng','B2011','yashkulkarni23','I','L2','T2','Football','B','A'),(231,160103078,'YASHPAL SINGH','Male','ME','Kameng','B2012','yashpal','I','L2','T2','Athletics','A','A'),(232,160103079,'YUGAM JAYANT','Male','ME','Kameng','B2013','yugam1998','I','L2','T2','Table Tennis','A','A'),(233,160104001,'A OM PRAKASH SUBUDHI','Male','Civil','Barak','B001','aopsubudhi','I','L2','T2','Table Tennis','A','A'),(234,160104002,'ABHIRAM SINGH','Male','Civil','Barak','B002','abhiram','I','L2','T2','Table Tennis','A','A'),(235,160104003,'ABHISHEK KAUSHAL','Male','Civil','Barak','B003','kaushal.abhishek','I','L2','T2','Cricket','A','B'),(236,160104004,'AJAY SINGH','Male','Civil','Barak','B004','ajay.singh15','I','L2','T2','Basketball','B','A'),(237,160104005,'ALIASGAR BHARMAL','Male','Civil','Barak','B005','aliasgar_bharmal97','I','L2','T2','Lawn Tennis','A','A'),(238,160104006,'ANAND KUMAR','Male','Civil','Barak','B006','anand079sv','I','L2','T2','Badminton','B','B'),(239,160104007,'ANKIT AHUJA','Male','Civil','Barak','B007','mohan.a2','I','L2','T2','Lawn Tennis','A','A'),(240,160104008,'ANKIT ROY','Male','Civil','Barak','#N/A','','I','L2','T2','#N/A','#N/A','#N/A'),(241,160104009,'ANMOL MOKTAN','Male','Civil','Barak','B009','anmol.ce','I','L2','T2','Football','B','A'),(242,160104010,'ANSHUL MODI','Male','Civil','Barak','B010','anshulmodi9','I','L2','T2','Table Tennis','A','A'),(243,160104011,'ARNAV BHASKAR','Male','Civil','Barak','B011','arnav.bhaskar','I','L2','T2','Cricket','A','B'),(244,160104012,'ATUL KUMAR SINGH','Male','Civil','Barak','B012','atulsingh1408','I','L2','T2','Cricket','A','B'),(245,160104013,'AVUGADDI JITHENDRA ROY','Male','Civil','Barak','B013','aj_roy9','I','L2','T2','Badminton','B','A'),(246,160104014,'AYUSH NARAYAN','Male','Civil','Dihing','GF020','ayushnarayan40','I','L2','T2','Hockey','A','A'),(247,160104015,'BONALA KRISHNA','Male','Civil','Dihing','GF028','Bonala.krishna','I','L2','T2','#N/A','#N/A','#N/A'),(248,160104016,'BUSA ROHITH KUMAR REDDY','Male','Civil','Dihing','GF024','busarohithkumarreddy17','I','L2','T3','Cricket','A','B'),(249,160104017,'DAKHARE SRUSHTI RAMKRISHNA','Female','Civil','Dhansiri','AS30','srushti.dakhare','I','L2','T3','Volleyball','B','A'),(250,160104018,'DEEPAK GARG','Male','Civil','Dihing','GF014','deepak2016','I','L2','T3','Table Tennis','B','B'),(251,160104019,'DEEPAK KUMAK','Male','Civil','Dihing','GF061','deepak.566','I','L2','T3','Table Tennis','B','A'),(252,160104020,'DEEPAK KUMAR','Male','Civil','Dihing','GF053','deepak.civil','I','L2','T3','Cricket','B','B'),(253,160104021,'DEEPAK SHARMA','Male','Civil','Dihing','GF008','iitiandeepak','I','L2','T3','Table Tennis','B','A'),(254,160104022,'DEVENDRA SINGH MEENA','Male','Civil','Dihing','GF009','devendra.meena','I','L2','T3','Athletics','A','B'),(255,160104023,'DHANANJAY PATHAK','Male','Civil','Dihing','GF047','dhananjay.pathak','I','L2','T3','Athletics','B','B'),(256,160104024,'FAIJAN DAYER','Male','Civil','Dihing','GF011','faijan.dayer','I','L2','T3','Basketball','B','B'),(257,160104025,'GANTA SAI CHAKRADHAR','Male','Civil','Dihing','GF016','sai.chakri','I','L2','T3','Badminton','B','A'),(258,160104026,'GAURAV ISRANI','Male','Civil','Dihing','GF035','gaurav01_1','I','L2','T3','Volleyball','B','B'),(259,160104027,'GAUTAM KUMAR SINGH','Male','Civil','Dihing','GF057','gautham.singh','I','L2','T3','Cricket','B','A'),(260,160104028,'GOWTHAM BONI','Male','Civil','Dihing','GF043','gowtham.boni','I','L2','T3','Athletics','B','A'),(261,160104029,'GUNTI CHETAN','Male','Civil','Dihing','GF018','chetan.gunti','I','L2','T3','Cricket','B','B'),(262,160104030,'GURIBELLI PRADEEP KUMAR','Male','Civil','Dihing','GF034','pradeep.kr','I','L2','T3','Volleyball','B','A'),(263,160104031,'HEMANT GARHWAL','Male','Civil','Dihing','GF039','hemant.garhwal','I','L2','T3','#N/A','#N/A','#N/A'),(264,160104032,'HEMRAJ CHOUDHARY','Male','Civil','Dihing','GF006','hemraj.civil','I','L2','T3','Athletics','B','B'),(265,160104033,'HIMANSHU KAUSHIK','Male','Civil','Dihing','GF033','himanshulatta','I','L2','T3','Football','B','A'),(266,160104034,'KADAVAKOLLU UDAY KIRAN','Male','Civil','Dihing','GF020','udaykadavakollu','I','L2','T3','Volleyball','B','A'),(267,160104035,'KAMIREDDY SAI SRINIVAS REDDY','Male','Civil','Dihing','GF045','kamireddysai','I','L2','T3','Basketball','B','A'),(268,160104036,'KAPISH VERMA','Male','Civil','Dihing','GF041','kapishverma','I','L2','T3','#N/A','#N/A','#N/A'),(269,160104037,'KEVIN JOSE','Male','Civil','Dihing','GF036','krsj1234','I','L2','T3','Basketball','B','A'),(270,160104038,'KUNAL GAURAV','Male','Civil','Dihing','GF058','kunal2016','I','L2','T3','Lawn Tennis','A','B'),(271,160104039,'MANISH KUMAR','Male','Civil','Dihing','GF026','manishkumarmathur','I','L2','T3','Athletics','B','B'),(272,160104040,'MANISH KUMAR SIHARA','Male','Civil','Dihing','GF004','m.sihara','I','L2','T3','Athletics','B','A'),(273,160104041,'MANU PORWAL','Male','Civil','Brahmaputra','G127','manu.11_porwal','I','L2','T3','Athletics','B','B'),(274,160104042,'MAYANGLAMBAM KHOGENDRAJIT SINGH','Male','Civil','Brahmaputra','G201','khogen','I','L2','T3','Table Tennis','B','A'),(275,160104043,'MEDISETTY SIVARAMA KRISHNA','Male','Civil','Brahmaputra','F244','siva2016','I','L2','T3','Cricket','B','B'),(276,160104044,'MEGH CHAND','Male','Civil','Brahmaputra','T036','megh.chand','I','L2','T3','Hockey','A','A'),(277,160104045,'NAMAN PODDAR','Male','Civil','Brahmaputra','T109','namanpoddar','I','L2','T3','Basketball','B','B'),(278,160104046,'NARESH KUMAR MEENA','Male','Civil','Brahmaputra','G058','nareshmeena','I','L2','T3','Athletics','B','B'),(279,160104047,'NAYAN MANGAL','Male','Civil','Brahmaputra','G225','nayanmangal','I','L2','T3','Yoga','A','B'),(280,160104048,'PIYUSH GUPTA','Male','Civil','Brahmaputra','C013','piyushgupta','I','L2','T3','Football','B','B'),(281,160104049,'PRABHJOT SINGH GILL','Male','Civil','Brahmaputra','T132','psgpsg','I','L2','T3','Football','B','B'),(282,160104050,'PRAKHAR SHRIVASTAVA','Male','Civil','Brahmaputra','B018','prakhar2016','I','L2','T3','#N/A','#N/A','#N/A'),(283,160104051,'PRANAV DHADNEKAR','Male','Civil','Brahmaputra','T254','pranavdhad','I','L2','T3','Football','B','A'),(284,160104052,'PRASHANT SINGH','Male','Civil','Brahmaputra','G220','Prashant9oct','I','L2','T3','Volleyball','B','A'),(285,160104053,'PRIYANSHU KUMAR SINHA','Male','Civil','Brahmaputra','G139','priyanshu_30','I','L2','T3','Cricket','B','B'),(286,160104054,'PRIYANSHU RAJ','Male','Civil','Brahmaputra','C015','priyanshuraj15081998','I','L3','T3','Lawn Tennis','A','A'),(287,160104055,'RACHIT SRIVASTAVA','Male','Civil','Brahmaputra','G215','rachit1307','I','L3','T3','Football','B','A'),(288,160104056,'RAJAT DHANOTIYA','Male','Civil','Brahmaputra','B016','rajat.dhanotiya','I','L3','T3','Athletics','B','B'),(289,160104057,'RAJAT KUMAR SINGH','Male','Civil','Brahmaputra','G156','rajat0301tajar','I','L3','T3','Yoga','A','B'),(290,160104058,'RAJAT SHARMA','Male','Civil','Brahmaputra','F028','rajat.592350','I','L3','T3','Cricket','B','A'),(291,160104059,'RAKESH','Male','Civil','Brahmaputra','F089','rakesh.meghwal','I','L3','T3','Yoga','B','B'),(292,160104060,'RAKESH KUMAR','Male','Civil','Brahmaputra','G198','rakeshbeerendra','I','L3','T3','Yoga','B','B'),(293,160104061,'RAKESH ROUSHAN','Male','Civil','Brahmaputra','F223','rakeshb9','I','L3','T3','Volleyball','B','A'),(294,160104062,'RICKY ROMIN','Male','Civil','Brahmaputra','F063','ricky.romin','I','L3','T3','Football','B','A'),(295,160104063,'SAGAR KUMAR','Male','Civil','Brahmaputra','G244','','I','L3','T4','Volleyball','B','A'),(296,160104064,'SAMPAT CHOUDHARY','Male','Civil','Brahmaputra','F198','sampat.choudhary','I','L3','T4','Yoga','B','B'),(297,160104065,'SANSKAR BHARTI','Male','Civil','Brahmaputra','T087','sanskar_98','I','L3','T4','Volleyball','B','B'),(298,160104066,'SARTHAK SAXENA','Male','Civil','Brahmaputra','T229','sarthak25','I','L3','T4','Yoga','B','B'),(299,160104067,'SATYA RAM DAS','Male','Civil','Brahmaputra','T099','satyaram116','I','L3','T4','Volleyball','B','A'),(300,160104068,'SAURABH KUMAR','Male','Civil','Brahmaputra','G152','kumar.saurabh8752','I','L3','T4','Hockey','A','A'),(301,160104069,'SAURAV KHANDELWAL','Male','Civil','Brahmaputra','F092','saurav1823_one','I','L3','T4','Volleyball','B','A'),(302,160104070,'SHERU KHAN','Male','Civil','Brahmaputra','G249','Sherukhan007','I','L3','T4','Volleyball','B','A'),(303,160104071,'SHIVENDU ANAND','Male','Civil','Brahmaputra','G262','shivendusingh','I','L3','T4','Football','B','B'),(304,160104072,'SHRIVASTAVA AYUSH ABHAY','Male','Civil','Brahmaputra','F222','ayush16','I','L3','T4','Hockey','A',''),(305,160104073,'TUSHAR YADAV','Male','Civil','Brahmaputra','G176','tusharyadav','I','L3','T4','Badminton','B','B'),(306,160104074,'VAIBHAV','Male','Civil','Brahmaputra','G241','vaibhavnarwal','I','L3','T4','Volleyball','B','A'),(307,160104075,'VIBHANSHU MISHRA','Male','Civil','Brahmaputra','G112','vibhanshu.mishra_9','I','L3','T4','Athletics','B','A'),(308,160104076,'VIKRANT CHANDARANA','Male','Civil','Brahmaputra','G173','vikrant99','I','L3','T4','Hockey','A','A'),(309,160104077,'VINAY KUMAR ARYA','Male','Civil','Brahmaputra','T085','vinay_arya98','I','L3','T4','Cricket','B','B'),(310,160104078,'VIVEK KUMAR','Male','Civil','Brahmaputra','#N/A','vivekkumar','I','L3','T4','Volleyball','B','B'),(311,160104079,'VIVEK SINGH','Male','Civil','Brahmaputra','T249','viveksingh','I','L3','T4','Cricket','B','A'),(312,160104080,'YASHWARDHAN PANWAR','Male','Civil','Brahmaputra','T096','yashwardhan','I','L3','T4','Table Tennis','B','A'),(313,160104081,'YOGESH KUMAR','Male','Civil','Brahmaputra','G175','yogesh_2.5','I','L3','T4','Badminton','B','B'),(314,160106001,'AJAY BHAKHAR','Male','BT','Manas','B017','A_bhakhar','II','L4','T5','Lawn Tennis','A','A'),(315,160106002,'AMAN NAHAR','Male','BT','Manas','C014','a.nahar','II','L4','T5','Lawn Tennis','B','A'),(316,160106003,'ANUPAM MISHRA','Male','BT','Manas','C003','anupam.mishra2016','II','L4','T6','Basketball','B','B'),(317,160106004,'ARCHISHMAN GUPTA','Male','BT','Manas','#N/A','','II','L4','T6','#N/A','#N/A','#N/A'),(318,160106005,'ASHWIN M DEVANGA','Male','BT','Manas','B014','ashwinmdevanga','II','L4','T6','Basketball','B','A'),(319,160106006,'AVI JAIN','Female','BT','Dhansiri','AS37','avijain','II','L4','T6','Table Tennis','B','A'),(320,160106007,'BALLA NAVEEN','Male','BT','Manas','B013','naveenballa12','II','L4','T6','Table Tennis','B','A'),(321,160106008,'BIKASH DAS','Male','BT','Manas','C009','bikashdas0108','II','L4','T6','Cricket','B','B'),(322,160106009,'D BEDADEEP','Male','BT','Manas','B001','pupun_bedadeep','II','L4','T6','#N/A','#N/A','#N/A'),(323,160106010,'DEEPAK NAGAR','Male','BT','Manas','B002','deepak.nagar0007','II','L4','T6','Lawn Tennis','B','B'),(324,160106011,'DEEPTI MATHUR','Female','BT','Dhansiri','AS38','deeptimathur_1904','II','L4','T6','#N/A','#N/A','#N/A'),(325,160106012,'HRIDAYESH DEBBARMA','Male','BT','Manas','C007','debbarmahridayesh','II','L4','T6','#N/A','#N/A','#N/A'),(326,160106013,'HRITUSHREE MOG','Female','BT','Dhansiri','AT40','hritushree','II','L4','T6','Yoga','B','A'),(327,160106014,'ISHU KALRA','Male','BT','Manas','B011','kalra','II','L4','T6','#N/A','#N/A','#N/A'),(328,160106015,'JAIN PAKSHAL RAVI','Male','BT','Manas','B004','pakshal','II','L4','T6','#N/A','#N/A','#N/A'),(329,160106016,'JASMEET SINGH','Male','BT','Manas','C001','jasmeets166','II','L4','T6','#N/A','#N/A','#N/A'),(330,160106017,'JUNU RANI BRAHMA','Female','BT','Dhansiri','AT40','junu.rani','II','L4','T6','Yoga','B','B'),(331,160106018,'KARTHIK J','Male','BT','Manas','C008','karthikj','II','L4','T6','Hockey','A','B'),(332,160106019,'KASHISH KUKREJA','Male','BT','Manas','#N/A','','II','L4','T6','#N/A','#N/A','#N/A'),(333,160106020,'KOHALE MITHILESH PADMAKAR','Male','BT','Barak','B014','beingtmk','II','L4','T6','Lawn Tennis','B','B'),(334,160106021,'LOKESH RANA','Male','BT','Barak','B015','lokesh.bsbe','II','L4','T6','Table Tennis','B',''),(335,160106022,'MANAV AGRAWAL','Male','BT','Barak','B016','manav190497','II','L4','T6','Lawn Tennis','B','A'),(336,160106023,'MD ASIF IMAM','Male','BT','Barak','B017','asif1997','II','L4','T6','Badminton','C','A'),(337,160106024,'MUNAGADA NAVEEN KUMAR','Male','BT','Barak','B018','','II','L4','T6','Hockey','B','A'),(338,160106025,'N SHARAN RAO','Male','BT','Barak','B019','sharanrao','II','L4','T6','Football','B','B'),(339,160106026,'N SUDHEER','Male','BT','Barak','B020','sudheer2016','II','L4','T6','Cricket','B','B'),(340,160106027,'NAMRATA GUPTA','Female','BT','Dhansiri','AS29','namrata.gupta','II','L4','T6','Basketball','B','B'),(341,160106028,'NEHA MEENA','Female','BT','Dhansiri','AT30','nehameena7','II','L4','T6','Basketball','B','B'),(342,160106029,'PANSE NIKHIL CHETAN','Male','BT','Barak','B021','nikhil.panse98','II','L4','T6','Football','B','A'),(343,160106030,'PATIL DIGVIJAY RAVINDRA','Male','BT','Barak','B022','digvijay.patil','II','L4','T6','Cricket','B','B'),(344,160106031,'POTINI ADITYA','Male','BT','Barak','B023','aditya.potini','II','L4','T6','Badminton','C','B'),(345,160106032,'PRASHANT KUMAR','Male','BT','Barak','B024','prashant2016','II','L5','T6','Volleyball','B','A'),(346,160106033,'PULKIT AGARWAL','Male','BT','Barak','B025','pulkitagarwal','II','L5','T6','Basketball','B','B'),(347,160106034,'RAJ KUMAR','Male','BT','Barak','B026','raj14jnv','II','L5','T6','Hockey','B','A'),(348,160106035,'RAJNIKANTH KAUSALYA','Male','BT','Barak','B027','rajnikanth','II','L5','T6','Football','B','A'),(349,160106036,'RAMTEKE ANIKET VISHWAJEET','Male','BT','Barak','B028','aniket.ramteke','II','L5','T6','Basketball','B','B'),(350,160106037,'SAKSHAM MEENA','Male','BT','Barak','B029','saksham.meena','II','L5','T6','Basketball','C','B'),(351,160106038,'SAMBARAJU YASHWANTH','Male','BT','Barak','B030','balajiyashwanth77','II','L5','T6','Badminton','C','B'),(352,160106039,'SANCHIT JHUNJHUNWALA','Male','BT','Kapili','5','sanchit.jhun','II','L5','T6','Basketball','C','B'),(353,160106040,'SANGAM SHARMA','Male','BT','Kapili','6','sangam','II','L5','T6','Yoga','B','A'),(354,160106041,'SARDAR JAY BHAGWAN','Male','BT','Kapili','7','jay.sardar','II','L5','T6','Yoga','B','A'),(355,160106042,'SHELKE SURAJ JAYANT','Male','BT','Kapili','8','surajshelke0098','II','L5','T6','Volleyball','C','A'),(356,160106043,'SHUBHANG SHUKLA','Male','BT','Kapili','9','shuubh8','II','L5','T6','Football','B','A'),(357,160106044,'SHWETANK PANWAR','Male','BT','Kapili','10','panwar1997shwetank','II','L5','T6','Lawn Tennis','B','A'),(358,160106045,'SUBHAM PRASAD','Male','BT','Kapili','11','psubham1501','II','L5','T6','Cricket','B','A'),(359,160106046,'SUJAL HARSH RANJAN','Male','BT','Kapili','12','suvya131211','II','L5','T6','Cricket','B','B'),(360,160106047,'UMANG MATHUR','Male','BT','Kapili','13','umang.mathur','II','L5','T6','Badminton','C','B'),(361,160106048,'V PRASANNA VENKATESH','Male','BT','Kapili','14','prasanna.v','II','L5','T6','Athletics','B','B'),(362,160106049,'VIJAYANT BALHARA','Male','BT','Kapili','15','vijayant','II','L5','T6','Football','B','A'),(363,160106050,'VIKAS DIWAKER','Male','BT','Kapili','16','diwaker','II','L5','T7','Yoga','B','A'),(364,160106051,'VINIT YADAV','Male','BT','Kapili','17','Skynet','II','L5','T7','Badminton','C','B'),(365,160106052,'VIPIN JAGRIT','Male','BT','Kapili','18','vjagrit.007','II','L5','T7','Football','B','A'),(366,160106053,'VISHWAS MISHRA','Male','BT','Kapili','B052','vishwas17597','II','L5','T7','Lawn Tennis','B','A'),(367,160106054,'VIVEK KUMAR SAINI','Male','BT','Kapili','A031','Vivek.ks901','II','L5','T7','Athletics','B','B'),(368,160106055,'YASH SHARMA','Male','BT','Kapili','B014','yashsharma6990','II','L5','T7','Football','B','B'),(369,160106056,'YERRA PRAMOD REDDY','Male','BT','Kapili','A015','pramodangel1','II','L5','T7','Volleyball','C','A'),(370,160107001,'ADITYA JAISWAL','Male','Chemical Engg','Siang','54','aditya2016','IV','L8','T11','Yoga','B','A'),(371,160107002,'ADVAIT GANGAL','Male','Chemical Engg','Siang','149','advait98','IV','L8','T11','Football','B','A'),(372,160107003,'AKASH SONOWAL','Male','Chemical Engg','Siang','20','akash.sonowal','IV','L8','T11','Yoga','B','A'),(373,160107004,'AKSHAT JAIN','Male','Chemical Engg','Siang','148','akshatjain','IV','L8','T11','Table Tennis','B','B'),(374,160107005,'ALANKRAT SHIVHARE','Male','Chemical Engg','Siang','64','alankratshivhare2','IV','L8','T11','Football','B','B'),(375,160107006,'AMIT KUMAR','Male','Chemical Engg','Siang','136','amit.2016','IV','L8','T11','Cricket','B','A'),(376,160107007,'ANKIT MATHUR','Male','Chemical Engg','Siang','43','ankit_exn','IV','L8','T11','Lawn Tennis','B','A'),(377,160107008,'ANSHUMAN DHAR','Male','Chemical Engg','Siang','117','dhar.anshuman','IV','L8','T11','Basketball','C','A'),(378,160107009,'ANTARIKH SAIKIA','Male','Chemical Engg','Siang','53','Saikiaantarikh71','IV','L8','T11','Volleyball','C','A'),(379,160107010,'ARULMURUGAN M','Male','Chemical Engg','Siang','52','amurugan.m99','IV','L8','T11','Football','B','A'),(380,160107011,'ASHISH KUMAR GAUTAM','Male','Chemical Engg','Siang','150','ashish278','IV','L8','T11','Basketball','C','A'),(381,160107012,'ASHISH RAJ','Male','Chemical Engg','Siang','27','ashishraj365','IV','L8','T11','#N/A','#N/A','#N/A'),(382,160107013,'ASHITA GUPTA','Female','Chemical Engg','Dhansiri','AT22','ashita_smriti.1997','IV','L8','T11','#N/A','#N/A','#N/A'),(383,160107014,'AVI GHANSHANI','Male','Chemical Engg','Siang','145','avighanshani','IV','L8','T11','Hockey','B','A'),(384,160107015,'AVINASH KUMAR','Male','Chemical Engg','Siang','128','avi9_ap','IV','L8','T11','Cricket','B','A'),(385,160107016,'AVISH KABRA','Male','Chemical Engg','Siang','140','avish2806','IV','L8','T11','Table Tennis','B','A'),(386,160107017,'AYUSH KEDAWAT','Male','Chemical Engg','Siang','38','kedawat.ashu','IV','L8','T11','Football','C','B'),(387,160107018,'AYUSH SHARMA','Male','Chemical Engg','Siang','22','fabays','IV','L8','T11','Badminton','C','B'),(388,160107019,'BHANUPRAKASH SINGH','Male','Chemical Engg','Siang','164','bhanu.prakash','IV','L8','T12','Lawn Tennis','B','B'),(389,160107020,'BHUVAN AGRAWAL','Male','Chemical Engg','Siang','44','bhuvan2016','IV','L8','T12','Table Tennis','B','A'),(390,160107021,'BONDA LAXMI SAI KRISHNA','Male','Chemical Engg','Siang','146','bonda','IV','L8','T12','Lawn Tennis','B','B'),(391,160107022,'CHANDAN AGRAWAL','Male','Chemical Engg','Siang','60','chandan12.ckt','IV','L8','T12','Table Tennis','B','A'),(392,160107023,'DEBANGSHU BANERJEE','Male','Chemical Engg','Siang','62','debangshu','IV','L8','T12','Football','C','A'),(393,160107024,'DEVESH SONI','Male','Chemical Engg','Siang','144','deveshsoni','IV','L8','T12','Lawn Tennis','B','A'),(394,160107025,'DHEERAJ KUMAR','Male','Chemical Engg','Siang','48','dheeraj.2016','IV','L8','T12','Table Tennis','B','A'),(395,160107026,'DHRUV AGARWAL','Male','Chemical Engg','Siang','168','dhruv.23101998','IV','L8','T12','Lawn Tennis','B','B'),(396,160107027,'DIVY RANJAN','Male','Chemical Engg','Siang','166','ranjandivy','IV','L8','T12','#N/A','#N/A','#N/A'),(397,160107028,'HARSH KEDIA','Male','Chemical Engg','Siang','135','hs_kedia','IV','L8','T12','Basketball','C','B'),(398,160107029,'HITESH LUHAR','Male','Chemical Engg','Siang','49','hitesh.luhar','IV','L8','T12','Table Tennis','B','A'),(399,160107030,'IRAHANI PARTH CHANDRASHEKHAR','Male','Chemical Engg','Siang','126','iramaniparth','IV','L9','T12','Basketball','C','B'),(400,160107031,'JYOTISHMAN MAZUMDAR','Male','Chemical Engg','Siang','124','jyotishman.y2j','IV','L9','T12','Yoga','B','A'),(401,160107032,'KANWAR PAL SINGH YADAV','Male','Chemical Engg','Kapili','19','kanwar.pal','IV','L9','T12','Basketball','C','B'),(402,160107033,'KUNDAN ROY','Male','Chemical Engg','Kapili','20','kundan.roy','IV','L9','T12','Football','C','A'),(403,160107034,'MAYANK DHAKER','Male','Chemical Engg','Kapili','21','mayankdhaker','IV','L9','T12','Football','C','A'),(404,160107035,'MAYANK VERMA','Male','Chemical Engg','Kapili','22','mayank2016','IV','L9','T12','Football','C','A'),(405,160107036,'MRIDUL','Male','Chemical Engg','Kapili','23','mridulkumar1998','IV','L9','T12','#N/A','#N/A','#N/A'),(406,160107037,'MUKESH ANAND MANJHI','Male','Chemical Engg','Kapili','24','mukeshanand','IV','L9','T12','#N/A','#N/A','#N/A'),(407,160107038,'PARUL BANSAL','Female','Chemical Engg','Dhansiri','AS34','parulbansal98','IV','L9','T12','Lawn Tennis','B','C'),(408,160107039,'PIYUSH SINGH MANDAVI','Male','Chemical Engg','Kapili','25','p.iyush_420','IV','L9','T12','#N/A','#N/A','#N/A'),(409,160107040,'POLANATI SAI ARUN KUMAR','Male','Chemical Engg','Kapili','26','arunkumar04011999','IV','L9','T12','Cricket','B','B'),(410,160107041,'PRADEEP VERMA','Male','Chemical Engg','Kapili','27','pradeep.verma','IV','L9','T12','#N/A','#N/A','#N/A'),(411,160107042,'PRAKSHAL JAIN','Male','Chemical Engg','Kapili','28','prakshalj51','IV','L9','T12','Table Tennis','B','A'),(412,160107043,'PRATEEK MANOCHA','Male','Chemical Engg','Kapili','29','prateek.manocha','IV','L9','T12','Badminton','C','B'),(413,160107044,'PRATYUSH BHARDWAJ','Male','Chemical Engg','Kapili','30','pratyush5_bhardwaj','IV','L9','T12','Table Tennis','B','A'),(414,160107045,'PREETI GUPTA','Female','Chemical Engg','Dhansiri','AG23','','IV','L9','T12','Table Tennis','B','A'),(415,160107046,'PRIYANSHU VERMA','Male','Chemical Engg','Kapili','31','priyan50575','IV','L9','T12','Volleyball','C','A'),(416,160107047,'RAJ KUMAR KUMAWAT','Male','Chemical Engg','Kapili','32','raj.kumar','IV','L9','T12','Cricket','B','B'),(417,160107048,'RAVI KUMAR','Male','Chemical Engg','Kapili','33','thetigerravikumar','IV','L9','T12','Table Tennis','B','B'),(418,160107049,'RITIK KUMAR MEENA','Male','Chemical Engg','Kapili','34','k.ritik','IV','L9','T12','Athletics','B','B'),(419,160107050,'SABBIREDDY RAGHU RAM','Male','Chemical Engg','Kapili','B4025','raghuram2016','IV','L9','T12','#N/A','#N/A','#N/A'),(420,160107051,'SAMBIT HOTA','Male','Chemical Engg','Kapili','B4026','sambit97','IV','L9','T12','#N/A','#N/A','#N/A'),(421,160107052,'SANNIDHYA SHARMAH','Male','Chemical Engg','Kapili','B035','sannidhya','IV','L9','T12','Table Tennis','B','A'),(422,160107053,'SAROJIT AUDDYA','Male','Chemical Engg','Kapili','B032','sarojit','IV','L9','T12','Yoga','B','B'),(423,160107054,'SAURABH DONGARE','Male','Chemical Engg','Umiam','A013','dongare','IV','L9','T12','Yoga','B','A'),(424,160107055,'SAYAN HALDER','Male','Chemical Engg','Umiam','B042','sayanhalder','IV','L9','T12','Yoga','B','A'),(425,160107056,'SHIVANK SHRIDHAR','Male','Chemical Engg','Umiam','A030','shivankshridhar','IV','L9','T12','Football','C','A'),(426,160107057,'SHIVPRASAD DUBEY','Male','Chemical Engg','Umiam','A024','shivprasad','IV','L9','T12','Hockey','B','A'),(427,160107058,'SHRUTI SHARMA','Female','Chemical Engg','Dhansiri','AS33','shrutisharma','IV','L9','T12','Lawn Tennis','B','C'),(428,160107059,'SOUNAK RAY','Male','Chemical Engg','Umiam','B033','sounakray1997','IV','L9','T12','Table Tennis','B','A'),(429,160107060,'SRIRAM NATARAJAN','Male','Chemical Engg','Umiam','B027','N.Sriram','IV','L9','T12','Cricket','B','B'),(430,160107061,'SUBHAJIT DAS','Male','Chemical Engg','Umiam','B043','subhajit.das810','IV','L9','T12','Volleyball','C','B'),(431,160107062,'SUBHASH CHANDER','Male','Chemical Engg','Umiam','B022','subhashchander','IV','L9','T12','Athletics','B','B'),(432,160107063,'SUBHRADIP ROY','Male','Chemical Engg','Umiam','A011','roy585','IV','L9','T12','Football','C','A'),(433,160107064,'SUBODH TRIPATHI','Male','Chemical Engg','Umiam','B038','t.subodh','IV','L9','T12','Volleyball','C','A'),(434,160107065,'SUMIT','Male','Chemical Engg','Umiam','A017','sumit90','IV','L9','T12','Yoga','B','A'),(435,160107066,'UMANG KUMAR BAJAJ','Male','Chemical Engg','Umiam','B019','umangbajaj66','IV','L9','T13','Table Tennis','C','A'),(436,160107067,'VIKAS GEHLOT','Male','Chemical Engg','Umiam','B039','vikas01','IV','L9','T13','Volleyball','C','B'),(437,160107068,'VIKRAM DOLEY','Male','Chemical Engg','Umiam','B031','my_email.vikram98','IV','L9','T13','Volleyball','C','A'),(438,160107069,'YOGESH KUMAR','Male','Chemical Engg','Umiam','B047','iamyogesh','IV','L9','T13','Hockey','B','B'),(439,160108001,'ADITYA RAJ','Male','EEE','Umiam','A010','aditya_raj7','II','L5','T7','Basketball','C','B'),(440,160108002,'AKASH PANDAURIYA','Male','EEE','Umiam','B028','akashpandauriya','II','L5','T7','Basketball','C','A'),(441,160108003,'ALOK KUMAR','Male','EEE','Umiam','A036','Alokkmr025','II','L5','T7','Table Tennis','C','A'),(442,160108004,'AMAN VERMA','Male','EEE','Umiam','A045','aman.verma','II','L5','T7','Table Tennis','C','A'),(443,160108005,'ANIKET AGRAWAL','Male','EEE','Umiam','A040','aniket.agrawal','II','L5','T7','Badminton','C','A'),(444,160108006,'ANKIT KUMAR','Male','EEE','Umiam','B048','ankit.eee','II','L5','T7','Cricket','B','B'),(445,160108007,'ANUJ GUPTA','Male','EEE','Umiam','A018','anujgupta','II','L5','T7','Cricket','B','A'),(446,160108008,'ANUPAM KHANDELWAL','Male','EEE','Umiam','A025','anupam1997','II','L5','T7','Athletics','B','B'),(447,160108009,'ANURAG GOTHWAL','Male','EEE','Umiam','A055','gothwal.anurag','II','L5','T7','#N/A','#N/A','#N/A'),(448,160108010,'APOORVA KUMAR','Male','EEE','Umiam','B053','kr17apoorva','II','L5','T7','Lawn Tennis','B','C'),(449,160108011,'ARCHIT JUGRAN','Male','EEE','Umiam','A022','architjugran','II','L5','T7','Table Tennis','C','A'),(450,160108012,'ASHOK KUMAR','Male','EEE','Umiam','A031','ashok999','II','L5','T7','Yoga','B','A'),(451,160108013,'BALBIR SINGH','Male','EEE','Umiam','A009','balbir.singh','II','L5','T7','Yoga','B','A'),(452,160108014,'CHAUDHARY ANMOL MAHENDRAKUMAR','Male','EEE','Umiam','B049','anmol02chaudhary','II','L5','T7','Lawn Tennis','B','B'),(453,160108015,'DHOOLAM SAI GOPI KRISHNA','Male','EEE','Umiam','B058','saigopikrishna','II','L5','T7','Basketball','C','B'),(454,160108016,'GANDHI VARSHIL','Male','EEE','Umiam','A056','varshil','II','L5','T7','Football','C','B'),(455,160108017,'GAURAV GUPTA','Male','EEE','Umiam','A005','gauravguptait1','II','L5','T7','Cricket','C','B'),(456,160108018,'GOEL VATSAL VIVEK','Male','EEE','Umiam','A047','vatsal29','II','L5','T7','Cricket','C','B'),(457,160108019,'HIMANSHU RAJ','Male','EEE','Umiam','B013','him.raj','II','L5','T7','Athletics','B','B'),(458,160108020,'HRISHABH RAGHUWANSHI','Male','EEE','Umiam','B054','r.hrishabh','II','L5','T7','Volleyball','C','A'),(459,160108021,'KOLLA GANESH','Male','EEE','Umiam','B057','kollaganesh683','II','L5','T7','Football','C','B'),(460,160108022,'KONARK JAIN','Male','EEE','Umiam','A027','konark.145','II','L5','T7','Volleyball','C',''),(461,160108023,'KOTTEM JATHINESH','Male','EEE','Umiam','A052','jathin324','II','L5','T7','Volleyball','C','A'),(462,160108024,'MAYANK PATEL','Male','EEE','Umiam','A006','Mynk1221','II','L5','T7','Cricket','C','A'),(463,160108025,'MOHAN MURARI','Male','EEE','Umiam','B060','mohanmurari','II','L5','T7','Cricket','C','B'),(464,160108026,'MOHIT CHANDAK','Male','EEE','Umiam','B051','Mohit','II','L5','T7','Hockey','B','A'),(465,160108027,'MUKESH KUMAR MEENA','Male','EEE','Umiam','A001','mukesh.eee','II','L5','T7','Hockey','B','B'),(466,160108028,'NARENDRA PAL','Male','EEE','Umiam','A007','narendra.pal','II','L5','T7','Cricket','C','A'),(467,160108029,'PALLAVI RANI','Female','EEE','Dhansiri','AT23','pallavi.rani','II','L5','T7','Basketball','C','B'),(468,160108030,'PINGILI SAI PRANAY REDDY','Male','EEE','Umiam','A032','saipranay','II','L5','T7','Volleyball','C','A'),(469,160108031,'PUSHYA BANSAL','Female','EEE','Dhansiri','AS34','pushyabansal','II','L5','T7','Lawn Tennis','B','B'),(470,160108032,'RAMAVTAR FAROLIYA','Male','EEE','Umiam','A060','ramavtar','II','L5','T7','Table Tennis','C','B'),(471,160108033,'ROHIT VINAYAK DESHMUKH','Male','EEE','Umiam','B056','rohit1727','II','L5','T7','Cricket','C','A'),(472,160108034,'SACHIN RAJ','Male','EEE','Umiam','A038','sachinrj22','II','L5','T7','#N/A','#N/A','#N/A'),(473,160108035,'SERMA MURMU','Male','EEE','Umiam','A049','serma','II','L5','T7','Athletics','B','A'),(474,160108036,'SHANTANU KUMAR','Male','EEE','Umiam','A037','imshantanu98','II','L5','T7','Yoga','B','A'),(475,160108037,'SHIVRAJ SHARMA','Male','EEE','Umiam','A026','shivraj.sharma','II','L5','T7','Lawn Tennis','B','A'),(476,160108038,'SHREYAS SHUBHAM','Male','EEE','Umiam','B041','shreyasshubham','II','L5','T7','Badminton','C','B'),(477,160108039,'UMESH GOYAL','Male','EEE','Umiam','A033','umesh.goyal','II','L5','T7','Cricket','C','B'),(478,160108040,'VARTHYAVATH SHYAMNAIK','Male','EEE','Umiam','B059','shyamnaik','II','L5','T7','Cricket','C','A'),(479,160108041,'VISHESH ARORA','Male','EEE','Umiam','A004','vishesharora100','II','L5','T8','Table Tennis','C','B'),(480,160121001,'ABHIRIKSHMA NANDI','Male','Engg. Phy','Kameng','B2014','abhirikshma','III','L7','T9','Lawn Tennis','B','B'),(481,160121002,'ADDRISH ROY','Male','Engg. Phy','Kameng','B2015','addrish.roy_98','III','L7','T9','Hockey','B','A'),(482,160121003,'ADDURI BHANU PRATAP RAJ','Male','Engg. Phy','Kameng','B2016','adduri','III','L7','T9','#N/A','#N/A','#N/A'),(483,160121004,'ADITHYA KAADE ARVIND','Male','Engg. Phy','Kameng','B2017','adithya.kaade23','III','L7','T9','Athletics','B','A'),(484,160121005,'AKSHAY RAO','Male','Engg. Phy','Kameng','B2018','akshayrao','III','L7','T9','Athletics','B','B'),(485,160121006,'AL AMEEN.P','Male','Engg. Phy','Kameng','B2019','alameen555','III','L7','T9','Hockey','B','A'),(486,160121007,'AMBAR DEB BARMA','Male','Engg. Phy','Kameng','B2020','ambardb','III','L7','T9','Yoga','B','A'),(487,160121008,'AMDEKAR ATHARVA SHAILESH','Male','Engg. Phy','Kameng','B2021','atharva.amdekar','III','L7','T9','Athletics','B','B'),(488,160121009,'ANKUR SANTORIA','Male','Engg. Phy','Kameng','B2022','a_santoria.tech','III','L7','T9','Yoga','B','A'),(489,160121010,'ASHUTOSH KUMAR MANDAL','Male','Engg. Phy','Kameng','B2023','ashutosh3004','III','L7','T9','Basketball','C','B'),(490,160121011,'DARSHAN RAJENDRA PATIL','Male','Engg. Phy','Kameng','B2024','darshanpatil1998','III','L7','T9','Football','C','A'),(491,160121012,'DAVE ACHAL ALOK','Male','Engg. Phy','Kameng','B2025','achaldave','III','L7','T9','Athletics','B','B'),(492,160121013,'GADDAMANUGU BHUVANA DATTA','Male','Engg. Phy','Kameng','B2026','datta','III','L7','T9','Lawn Tennis','B','B'),(493,160121014,'GAURAV JHAMNANI','Male','Engg. Phy','Kameng','B2027','gaurav.jh.in','III','L7','T10','#N/A','#N/A','#N/A'),(494,160121015,'GAURAV KHEMKA','Male','Engg. Phy','Kameng','B2028','gaurav_khemka14','III','L7','T10','Athletics','C','B'),(495,160121016,'HARSHITH R','Male','Engg. Phy','Kameng','B2029','harshith.r','III','L7','T10','Athletics','C','B'),(496,160121017,'JEEMANI HALOI','Female','Engg. Phy','Dhansiri','AS11','jeemani','III','L7','T10','Yoga','C','A'),(497,160121018,'JISHNU CHANDER R','Male','Engg. Phy','Kameng','B2030','jishnu7','III','L7','T10','Lawn Tennis','B','A'),(498,160121019,'KANDLIKAR SWARAJ MADHUSUDAN','Male','Engg. Phy','Kameng','B4001','swarajmk','III','L7','T10','#N/A','#N/A','#N/A'),(499,160121020,'KARAN YOGI','Male','Engg. Phy','Kameng','B4002','k.yogi','III','L7','T10','Yoga','C','B'),(500,160121021,'KARASANI OMKARA SOWMYA','Female','Engg. Phy','Dhansiri','AS39','sowmya.omkara','III','L7','T10','Yoga','C','B'),(501,160121022,'KHANIVADEKAR CHIRAG KIRAN','Male','Engg. Phy','Kameng','B4003','the_dark_hulk.786','III','L7','T10','Hockey','B','B'),(502,160121023,'MANTAVYA SINGH','Male','Engg. Phy','Kameng','B4004','mantavya.s7','III','L7','T10','#N/A','#N/A','#N/A'),(503,160121024,'MOHIT SINHA','Male','Engg. Phy','Kameng','B4005','mohit.sinha','III','L7','T10','Yoga','C','B'),(504,160121025,'NAVEEN MATHEW','Male','Engg. Phy','Kameng','B4006','naveen_mathew','III','L7','T10','Athletics','C','A'),(505,160121026,'NELAKANTI SHOBITH','Male','Engg. Phy','Kameng','B4007','nelakantishobith','III','L7','T10','Athletics','C','B'),(506,160121027,'NIKITA TAMBE','Female','Engg. Phy','Dhansiri','AS40','nikita.tambe','III','L7','T10','#N/A','#N/A','#N/A'),(507,160121028,'PAMIDIPAGU PRASANTH','Male','Engg. Phy','Kameng','B4008','prasanth.pamidipagu','III','L7','T10','Hockey','B','B'),(508,160121029,'PARV DANI','Male','Engg. Phy','Kameng','#N/A','','III','L7','T10','#N/A','#N/A','#N/A'),(509,160121030,'PATIL ANIKET LAXMAN','Male','Engg. Phy','Kameng','B4010','aniket.patil','III','L7','T10','Yoga','C','A'),(510,160121031,'PRASHANTH R','Male','Engg. Phy','Kameng','B4011','rprash99','III','L7','T10','Athletics','C','B'),(511,160121032,'PRITISH HARI NANNAWARE','Male','Engg. Phy','Kameng','B4012','Pritish1708','III','L7','T10','Yoga','C',''),(512,160121033,'RAGHAV PANDEY','Male','Engg. Phy','Kameng','B4013','raghavpandey458','III','L7','T10','Athletics','C','B'),(513,160121034,'RAHUL V POOJARI','Male','Engg. Phy','Kameng','B4014','rahulgovind','III','L7','T10','Yoga','C','A'),(514,160121035,'RAVINDER BEDI','Male','Engg. Phy','Kameng','B4015','ghy_ep4756','III','L7','T10','Yoga','C','A'),(515,160121036,'RIETESH RAJESH AMMINABHAVI','Male','Engg. Phy','Kameng','B4016','rietesh4535','III','L7','T10','Hockey','B','B'),(516,160121037,'SHARU GOEL','Male','Engg. Phy','Kameng','B4017','sharugoel','III','L7','T10','Athletics','C','B'),(517,160121038,'SHETH PEARL MILAN','Male','Engg. Phy','Kameng','B4018','Pearl.sheth','III','L7','T10','Athletics','C','B'),(518,160121039,'SHUBHAM SINGH','Male','Engg. Phy','Kameng','B4019','shubh_sin','III','L7','T10','Yoga','C','A'),(519,160121040,'T M ABDULKHADER','Male','Engg. Phy','Kameng','B4020','abdulkhader.magnetta','III','L7','T10','Athletics','C','A'),(520,160121041,'ULHE ABHILASH SANJAY','Male','Engg. Phy','Kameng','B4021','abhi2307','III','L7','T10','Athletics','C','B'),(521,160121042,'VARUN SESHADRI','Male','Engg. Phy','Kameng','B4022','varunseshadri','III','L7','T10','Lawn Tennis','C','A'),(522,160121043,'VISHNU AGRAWAL','Male','Engg. Phy','Kameng','B4023','vishnu1298','III','L7','T10','#N/A','#N/A','#N/A'),(523,160121044,'VIVREKAR AVANI NIRANJAN','Female','Engg. Phy','Dhansiri','#N/A','avani','III','L7','T10','Yoga','C','B'),(524,160122001,'AAKASH AGRAWAL','Male','Ch. Sci. Tech','Dihing','GF048','akash2016','IV','L9','T13','Badminton','C','B'),(525,160122002,'ADDAGUDURI ANAND','Male','Ch. Sci. Tech','Dihing','GF031','anand.adda237','IV','L9','T13','Football','C','A'),(526,160122003,'ADITYA ROSHAN','Male','Ch. Sci. Tech','Dihing','GF015','myemail1adityaroshan','IV','L9','T13','Badminton','C','B'),(527,160122004,'AJINKYA PATIL','Male','Ch. Sci. Tech','Dihing','GF062','ajinkyapatil538','IV','L9','T13','Football','C','A'),(528,160122005,'ARIGHNA CHAKRABARTY','Male','Ch. Sci. Tech','Dihing','GF012','arighna.chakrabarty05','IV','L9','T13','Table Tennis','C','A'),(529,160122006,'ARINDOM SAIKIA','Male','Ch. Sci. Tech','Dihing','GF055','arindom.saikia','IV','L9','T13','Yoga','C','B'),(530,160122007,'ARVIND KUMAR NITHARWAL','Male','Ch. Sci. Tech','Dihing','GF056','arvindkr','IV','L9','T13','Athletics','C','B'),(531,160122008,'BHOOMIKA OJHA','Female','Ch. Sci. Tech','Dhansiri','AS38','bhoomikaojha','IV','L9','T13','Lawn Tennis','C','A'),(532,160122009,'DEBARGHYA KUNDU','Male','Ch. Sci. Tech','Dihing','GF037','','IV','L9','T13','Cricket','C','B'),(533,160122010,'DEEPA KUMARI','Female','Ch. Sci. Tech','Dhansiri','AT39','deepa.kumari','IV','L9','T13','Hockey','B','A'),(534,160122011,'DEERGHANSHU','Male','Ch. Sci. Tech','Dihing','GF030','deergh','IV','L9','T13','Yoga','C','A'),(535,160122012,'DHARANSH JAIN','Male','Ch. Sci. Tech','Dihing','GF040','dharansh.j','IV','L9','T13','Cricket','C','B'),(536,160122013,'DHARAVATH SANDEEP NAIK','Male','Ch. Sci. Tech','Dihing','GF003','dharavath','IV','L9','T13','Yoga','C','B'),(537,160122014,'DHRUV AGARWAL','Male','Ch. Sci. Tech','Dihing','#N/A','','IV','L9','T13','#N/A','#N/A','#N/A'),(538,160122015,'DIKSHANT','Male','Ch. Sci. Tech','Dihing','GF017','dikshant','IV','L9','T13','Athletics','C','B'),(539,160122016,'JIGYASA','Female','Ch. Sci. Tech','Dhansiri','AS27','jigyasa','IV','L9','T13','Yoga','C','B'),(540,160122017,'KAILA HARSHA VARDHAN REDDY','Male','Ch. Sci. Tech','Dihing','GF019','harsha_99','IV','L9','T13','Lawn Tennis','C','A'),(541,160122018,'KUMAR AURINDAM','Male','Ch. Sci. Tech','Dihing','GF038','aurindamkr11','IV','L9','T13','#N/A','#N/A','#N/A'),(542,160122019,'MANOHAR PARALIYA','Male','Ch. Sci. Tech','Dihing','GF025','manohar.paraliya','IV','L9','T13','Athletics','C','B'),(543,160122020,'MITHILESHWARI BHADE','Female','Ch. Sci. Tech','Dhansiri','AT35','mithileshwari','IV','L9','T13','Lawn Tennis','C','C'),(544,160122021,'MITHLESH KUMAR','Male','Ch. Sci. Tech','Dihing','GF042','mithlesh4257','IV','L9','T13','#N/A','#N/A','#N/A'),(545,160122022,'MOHAMMAD SAQUIB','Male','Ch. Sci. Tech','Dihing','GF029','saquib','IV','L9','T13','Basketball','C','B'),(546,160122023,'NAYAN JYOTI DAS','Male','Ch. Sci. Tech','Dihing','GF051','nayanNJDdas','IV','L9','T13','#N/A','#N/A','#N/A'),(547,160122024,'NISARG JADAV','Male','Ch. Sci. Tech','Dihing','GF021','nisarg_jadav','IV','L9','T13','#N/A','#N/A','#N/A'),(548,160122025,'PANKAJ KUMAR','Male','Ch. Sci. Tech','Dihing','GF007','chandravanshi.pankaj','IV','L9','T13','#N/A','#N/A','#N/A'),(549,160122026,'POONAM KUMARI','Female','Ch. Sci. Tech','Dhansiri','AS25','poonam.kumari','IV','L9','T13','#N/A','#N/A','#N/A'),(550,160122027,'PRAVANDAN CHAND','Male','Ch. Sci. Tech','Dihing','GF005','pravandan','IV','L10','T13','Badminton','C','B'),(551,160122028,'PURUSHOTTAM','Male','Ch. Sci. Tech','Dihing','GF060','puru.rai','IV','L10','T13','Cricket','C','A'),(552,160122029,'PURUSHOTTAM KUMAR','Male','Ch. Sci. Tech','Dihing','GF054','purushottamk.1997','IV','L10','T13','Cricket','C','A'),(553,160122030,'RASHMI REKHA BORAH','Female','Ch. Sci. Tech','Dhansiri','AS11','rashmi.rekha','IV','L10','T13','Lawn Tennis','C','C'),(554,160122031,'RISHIRAJ BORAH','Male','Ch. Sci. Tech','Dihing','GF010','rishirajbora99','IV','L10','T13','#N/A','#N/A','#N/A'),(555,160122032,'SANJEEV RANJAN','Male','Ch. Sci. Tech','Dihing','GF027','sanjeev.cst','IV','L10','T13','Yoga','C','B'),(556,160122033,'SAURAV KUMAR','Male','Ch. Sci. Tech','Dihing','GF046','saurabhkmr707','IV','L10','T13','#N/A','#N/A','#N/A'),(557,160122034,'SAYANI KUNDU','Female','Ch. Sci. Tech','Dhansiri','AS27','sayani.frndz','IV','L10','T13','Lawn Tennis','C','A'),(558,160122035,'SHAIFALI AGRAWAL','Female','Ch. Sci. Tech','Dhansiri','AS39','shaif1604','IV','L10','T13','Hockey','B','A'),(559,160122036,'SHAMBHAVI DAS','Female','Ch. Sci. Tech','Dhansiri','AS26','shambhavi','IV','L10','T13','Yoga','C','A'),(560,160122037,'SHATAKSHI GUPTA','Female','Ch. Sci. Tech','Dhansiri','AS35','gupta.cst','IV','L10','T13','Yoga','C','A'),(561,160122038,'SIDDHARTH CHANDAN','Male','Ch. Sci. Tech','Dihing','GF023','siddharthchandan.1997','IV','L10','T13','Football','C','A'),(562,160122039,'SONU YADAV','Male','Ch. Sci. Tech','Dihing','GF059','y_sonu','IV','L10','T13','Badminton','C','B'),(563,160122040,'SUMANT KUMAR','Male','Ch. Sci. Tech','Dihing','GF049','suk2204','IV','L10','T13','#N/A','#N/A','#N/A'),(564,160122041,'SUYASH TIWARI','Male','Ch. Sci. Tech','Dihing','GF044','suyash.tiwari','IV','L10','T13','#N/A','#N/A','#N/A'),(565,160122042,'UMESH KUMAR MEENA','Male','Ch. Sci. Tech','Dihing','GF050','umesh.meena','IV','L10','T13','Hockey','B',''),(566,160122043,'VAISHNAVI BHARDWAJ','Female','Ch. Sci. Tech','Dhansiri','AS30','vaishdwajiitg','IV','L10','T13','Athletics','C','A'),(567,160122044,'VARUN SINGH','Male','Ch. Sci. Tech','Dihing','GF013','varun.tarun','IV','L10','T14','Lawn Tennis','C','A'),(568,160122045,'VIVEK KUMAR','Male','Ch. Sci. Tech','Dihing','GF032','vivek.kumar2016','IV','L10','T14','#N/A','#N/A','#N/A'),(569,160123001,'AASHUTOSH AGRAWAL','Male','Maths','Siang','153','ashutosh2016','III','L7','T10','Athletics','C','A'),(570,160123002,'ABHISHEK DOGRA','Male','Maths','Siang','127','abhishek.dogra25','III','L7','T10','Football','C','B'),(571,160123003,'ANIMESH KUMAR','Male','Maths','Siang','36','akanimesh7','III','L7','T10','Table Tennis','C','A'),(572,160123004,'ANKAM AMAN SAI','Male','Maths','Siang','157','amansai','III','L7','T10','Athletics','C','B'),(573,160123005,'ANURAG BARFA','Male','Maths','Siang','33','anurag.barfa','III','L7','T10','Table Tennis','C','A'),(574,160123006,'ASHISH RANJAN','Male','Maths','Siang','34','ashishranjan','III','L7','T10','Athletics','C','B'),(575,160123007,'DIVYA KUMARI','Female','Maths','Dhansiri','AT37','divya.2016','III','L7','T10','Table Tennis','C','A'),(576,160123008,'ESWAR MODALA','Male','Maths','Siang','154','eswarmodala','III','L7','T10','Lawn Tennis','C','A'),(577,160123009,'GARIKAPATI GANESH','Male','Maths','Siang','163','ganesh.garikapati','III','L8','T10','Cricket','C','B'),(578,160123010,'HARSHIT SINGH','Male','Maths','Siang','158','harshit.singh','III','L8','T10','Yoga','C','B'),(579,160123011,'HIMANSHU RANJAN','Male','Maths','Siang','18','ranjan11','III','L8','T10','Lawn Tennis','C','A'),(580,160123012,'ISHAN AZAD','Male','Maths','Siang','143','ishan.azad','III','L8','T10','Athletics','C','B'),(581,160123013,'KAMANA VISHNU VARDHAN REDDY','Male','Maths','Siang','165','Vishnu_12_kamana','III','L8','T10','Cricket','C','B'),(582,160123014,'KARTIKEY KANT','Male','Maths','Siang','59','kartikeykant','III','L8','T10','Volleyball','C','B'),(583,160123015,'KODALI NAGA SAI ANIRUDH','Male','Maths','Siang','151','anirudhkns','III','L8','T10','Cricket','C','B'),(584,160123016,'KSHITIJ NAYAR','Male','Maths','Siang','167','kshitijnayar','III','L8','T10','Yoga','C','B'),(585,160123017,'KULDEEP SHARMA','Male','Maths','Siang','160','kuldeep.sharma','III','L8','T11','#N/A','#N/A','#N/A'),(586,160123018,'MARUPAKA SAI TEJA','Male','Maths','Siang','162','saiteja1323','III','L8','T11','Lawn Tennis','C','A'),(587,160123019,'MD ZATIN MERAZ','Male','Maths','Siang','24','zatin','III','L8','T11','Cricket','C','A'),(588,160123020,'MITANSHU MITTAL','Male','Maths','Siang','41','mitanshu.sheo','III','L8','T11','Table Tennis','C','A'),(589,160123021,'MUSKAN AGARWAL','Female','Maths','Dhansiri','AS26','muskanagarwal','III','L8','T11','Basketball','C','B'),(590,160123022,'NALGONDA GNANESHWAR KUMAR','Male','Maths','Siang','138','gnaneshwar','III','L8','T11','Volleyball','C','A'),(591,160123023,'NAWAL MRIDULYA','Male','Maths','Siang','161','nawal2016','III','L8','T11','Basketball','C','B'),(592,160123024,'NEELABH TIWARI','Male','Maths','Siang','114','neelabh_tiwari','III','L8','T11','Table Tennis','C','A'),(593,160123025,'NEHA ORAON','Female','Maths','Dhansiri','AS40','nehaoraon3011','III','L8','T11','#N/A','#N/A','#N/A'),(594,160123026,'NIPENDRA SINGH','Male','Maths','Umiam','A035','nipendra','III','L8','T11','Hockey','B','A'),(595,160123027,'NISHANT JAIN','Male','Maths','Umiam','B011','nannu.nishant27','III','L8','T11','Table Tennis','C','A'),(596,160123028,'PRANAV JANGIR','Male','Maths','Umiam','A023','pranavjangir','III','L8','T11','Lawn Tennis','C','B'),(597,160123029,'PRANAV SINGH MUKATI','Male','Maths','Umiam','A028','pranavs_mukati','III','L8','T11','Table Tennis','C','A'),(598,160123030,'RAHUL KUMAR GUPTA','Male','Maths','Umiam','A054','rahul.hp.gupta08','III','L8','T11','Table Tennis','C','A'),(599,160123031,'RAJAN SUKANTH','Male','Maths','Umiam','A014','rajan.sukanth','III','L8','T11','#N/A','#N/A','#N/A'),(600,160123032,'RAKSHIT TIWARI','Male','Maths','Umiam','B010','rakshit10','III','L8','T11','Table Tennis','C','B'),(601,160123033,'RISHABH JAIN','Male','Maths','Umiam','A043','rishabh_jain','III','L8','T11','Badminton','C','A'),(602,160123034,'SAGAR MEWAR','Male','Maths','Umiam','A050','sagar.mewar','III','L8','T11','Lawn Tennis','C','A'),(603,160123035,'SATYAM KUMAR','Male','Maths','Umiam','B002','Satyam.kr','III','L8','T11','Lawn Tennis','C','B'),(604,160123036,'SHASHWAT JOLLY','Male','Maths','Umiam','B025','shashwatjolly','III','L8','T11','Table Tennis','C','A'),(605,160123037,'SHAURYA GOMBER','Male','Maths','Umiam','B009','shaurya.gomber98','III','L8','T11','Lawn Tennis','C','A'),(606,160123038,'SHREY JAIN','Male','Maths','Umiam','A008','shreyjain','III','L8','T11','Football','C','A'),(607,160123039,'SHREYA JAIN','Female','Maths','Dhansiri','AT28','jain.shreya1997','III','L8','T11','Volleyball','C','C'),(608,160123040,'SHUBHAM GOEL','Male','Maths','Umiam','A016','goelshubham17jan','III','L8','T11','Cricket','C','A'),(609,160123041,'THIRTHALA UDAYASRI','Female','Maths','Dhansiri','AT22','udaya2016','III','L8','T11','Badminton','C','B'),(610,160123042,'VENKATA VIKAS VANGA','Male','Maths','Umiam','A048','vikasvanga97','III','L8','T11','Yoga','C',''),(611,160123043,'YASH KUMAR','Male','Maths','Umiam','B012','kumar.yashmalvi','III','L8','T11','Yoga','C','A'),(612,160123044,'YASH NITIN KOTHARI','Male','Maths','Umiam','B005','yash.kothari','III','L8','T11','Lawn Tennis','C','A'),(613,160123045,'YERNENA SRINIVAS NAIDU','Male','Maths','Umiam','A039','srinivas.naidu','III','L8','T11','Badminton','C','A'),(614,160205001,'AADHITYA RAVICHANDRAN','Male','Design','Manas','C005','aadhitya','IV','L10','T14','Table Tennis','C','B'),(615,160205002,'ABHISHEK GORE','Male','Design','Manas','C011','abhishek2016','IV','L10','T14','Table Tennis','C','A'),(616,160205003,'AGRATA PATEL','Female','Design','Dhansiri','AT20','agrata','IV','L10','T14','Volleyball','C','A'),(617,160205004,'ANGELA MATHEWS','Female','Design','Dhansiri','AT28','a_matthew','IV','L10','T14','#N/A','#N/A','#N/A'),(618,160205005,'ANUPAM SAI BOLLABOINA','Male','Design','Manas','B015','anupamsai','IV','L10','T14','Basketball','C','A'),(619,160205006,'ARPIT VERMA','Male','Design','Manas','B010','arpitverma','IV','L10','T14','#N/A','#N/A','#N/A'),(620,160205007,'ARRENIUS K','Male','Design','Manas','B012','arreniusk','IV','L10','T14','#N/A','#N/A','#N/A'),(621,160205008,'ATHUL KRISHNA AJAY','Male','Design','Manas','C010','athulkrishna','IV','L10','T14','Football','C','B'),(622,160205009,'AVIK BISWAS','Male','Design','Manas','C002','avik.biswas','IV','L10','T14','#N/A','#N/A','#N/A'),(623,160205010,'BHIM  CHAURASIA','Male','Design','Manas','B008','bhim.ch','IV','L10','T14','Volleyball','C','A'),(624,160205011,'CHOUTI EVANGLEEN','Female','Design','Dhansiri','#N/A','evangleen','IV','L10','T14','#N/A','#N/A','#N/A'),(625,160205012,'DEEPSHIKHA PEGU','Female','Design','Dhansiri','#N/A','deepshikha.pegu','IV','L10','T14','Volleyball','C','A'),(626,160205013,'GREESHMA MOHAN','Female','Design','Dhansiri','AT25','greeshmasmohan','IV','L10','T14','Yoga','C','B'),(627,160205014,'HARIS BASHEER','Male','Design','Manas','B003','haris.basheer','IV','L10','T14','Athletics','C','A'),(628,160205015,'HARSHINI SHREE RA','Female','Design','Dhansiri','AS35','harshini','IV','L10','T14','#N/A','#N/A','#N/A'),(629,160205016,'KHYATI PRIYA','Female','Design','Dhansiri','AT23','khyatipriya','IV','L10','T14','Table Tennis','C','A'),(630,160205017,'KUNAL CHOUDHURY','Male','Design','Manas','B005','kunal.choudhury','IV','L10','T14','#N/A','#N/A','#N/A'),(631,160205018,'LOGESH SUBRAMANIAN','Male','Design','Manas','B009','logesh','IV','L10','T14','Cricket','C','B'),(632,160205019,'M CHETAN','Male','Design','Manas','C006','chetan.m','IV','L10','T14','Basketball','C','A'),(633,160205020,'MASHAHIB HASSAN','Male','Design','Manas','C004','nawazhassan10','IV','L10','T14','Football','C','A'),(634,160205021,'MAYANK PARAB','Male','Design','Manas','B006','mayank.parab','IV','L10','T14','Football','C','A'),(635,160205022,'MIDHUN MOHAN','Male','Design','Manas','B007','midhun_mohan.13','IV','L10','T14','Basketball','C','B'),(636,160205023,'MOHAMMAD AL KHALID','Male','Design','Siang','39','mohammad.alkhalid','IV','L10','T14','Yoga','C',''),(637,160205024,'MOHD  SAIF','Male','Design','Siang','35','mohd2016','IV','L10','T14','Lawn Tennis','C','A'),(638,160205025,'NANG SAPHOI LONGPHAI','Female','Design','Dhansiri','AT35','nang_saphoi97','IV','L10','T14','Badminton','C','B'),(639,160205026,'NIRANJAN R. BHARATI','Male','Design','Siang','56','niranjan.bharati','IV','L10','T14','Lawn Tennis','C',''),(640,160205027,'NISHITA SUDHIR','Female','Design','Dhansiri','AS31','NishitaSudhir09','IV','L10','T14','Yoga','C','B'),(641,160205028,'PARTHA MANDAL','Male','Design','Siang','123','sarathi53','IV','L10','T14','Volleyball','C','A'),(642,160205029,'PASUPULETI SRUJAN','Male','Design','Siang','55','pasupuletisrujan','IV','L10','T14','Cricket','C','B'),(643,160205030,'PRANJAL UDAY','Male','Design','Siang','139','pranjal.uday','IV','L10','T14','Football','C','B'),(644,160205031,'PRERNA VIMANIA','Female','Design','Dhansiri','#N/A','prernavimania2016','IV','L10','T14','Volleyball','C','A'),(645,160205032,'PRIYANSHI SHARMA','Female','Design','Dhansiri','#N/A','','IV','L10','T14','#N/A','#N/A','#N/A'),(646,160205033,'RAJ AGRAWAL','Male','Design','Siang','17','rajagrawal','IV','L10','T14','Badminton','C','B'),(647,160205034,'RUPAL PATEL','Female','Design','Dhansiri','AS31','rupal14','IV','L10','T14','Badminton','C','C'),(648,160205035,'SAKTHI S','Male','Design','Siang','156','sakthi','IV','L10','T14','Football','C','A'),(649,160205036,'SAMADRITA GHOSH','Female','Design','Dhansiri','AS32','sam.ghosh4','IV','L10','T14','#N/A','#N/A','#N/A'),(650,160205037,'SANJEET GADKARI','Male','Design','Siang','46','sanjeet.gadkari','IV','L10','T14','Lawn Tennis','C','A'),(651,160205038,'SENTHUR BALAJI P S','Male','Design','Siang','61','senthurbalaji','IV','L10','T14','Badminton','C','A'),(652,160205039,'SIDHARTH P','Male','Design','Siang','132','sidharth.p','IV','L10','T14','Cricket','C','A'),(653,160205040,'SREE MAHIT MUNAKALA','Male','Design','Siang','50','sreemahitm','IV','L10','T14','Lawn Tennis','C','A'),(654,160205041,'SRISHTI MALAVIYA','Female','Design','Dhansiri','AT26','srishti2016','IV','L10','T14','Basketball','C','A'),(655,160205042,'SUDEEP S BABU','Male','Design','Siang','23','sudeepsbabu','IV','L10','T14','Basketball','C','B'),(656,160205043,'SUNITI THAKUR','Female','Design','Dhansiri','#N/A','','IV','L10','T14','#N/A','#N/A','#N/A'),(657,160205044,'SURENDRA SINGH','Male','Design','Siang','133','surendrasingh','IV','L10','T14','Athletics','C','B'),(658,160205045,'TAJANYA MOHAN','Male','Design','Siang','177','tajanyamohan','IV','L10','T14','#N/A','#N/A','#N/A'),(659,160205046,'TEJAS PATIL','Male','Design','Siang','131','tejas.patil97','IV','L10','T14','Lawn Tennis','C','A');
/*!40000 ALTER TABLE `freshers` ENABLE KEYS */;
UNLOCK TABLES;

--
-- Table structure for table `hostels`
--

DROP TABLE IF EXISTS `hostels`;
/*!40101 SET @saved_cs_client     = @@character_set_client */;
/*!40101 SET character_set_client = utf8 */;
CREATE TABLE `hostels` (
  `id` int(10) unsigned NOT NULL AUTO_INCREMENT,
  `name` varchar(250) COLLATE utf8_unicode_ci NOT NULL,
  `created_at` timestamp NOT NULL DEFAULT '0000-00-00 00:00:00',
  `updated_at` timestamp NOT NULL DEFAULT '0000-00-00 00:00:00',
  PRIMARY KEY (`id`)
) ENGINE=InnoDB AUTO_INCREMENT=11 DEFAULT CHARSET=utf8 COLLATE=utf8_unicode_ci;
/*!40101 SET character_set_client = @saved_cs_client */;

--
-- Dumping data for table `hostels`
--

LOCK TABLES `hostels` WRITE;
/*!40000 ALTER TABLE `hostels` DISABLE KEYS */;
INSERT INTO `hostels` VALUES (1,'KAPILI','0000-00-00 00:00:00','0000-00-00 00:00:00'),(2,'KAMENG','0000-00-00 00:00:00','0000-00-00 00:00:00'),(3,'SIANG','0000-00-00 00:00:00','0000-00-00 00:00:00'),(4,'MANAS','0000-00-00 00:00:00','0000-00-00 00:00:00'),(5,'BARAK','0000-00-00 00:00:00','0000-00-00 00:00:00'),(6,'UMIAM','0000-00-00 00:00:00','0000-00-00 00:00:00'),(7,'DHANSIRI','0000-00-00 00:00:00','0000-00-00 00:00:00'),(8,'SUBANSIRI','0000-00-00 00:00:00','0000-00-00 00:00:00'),(9,'BRAHMAPUTRA','0000-00-00 00:00:00','0000-00-00 00:00:00'),(10,'DIHING','0000-00-00 00:00:00','0000-00-00 00:00:00');
/*!40000 ALTER TABLE `hostels` ENABLE KEYS */;
UNLOCK TABLES;

--
-- Table structure for table `migrations`
--

DROP TABLE IF EXISTS `migrations`;
/*!40101 SET @saved_cs_client     = @@character_set_client */;
/*!40101 SET character_set_client = utf8 */;
CREATE TABLE `migrations` (
  `migration` varchar(255) COLLATE utf8_unicode_ci NOT NULL,
  `batch` int(11) NOT NULL
) ENGINE=InnoDB DEFAULT CHARSET=utf8 COLLATE=utf8_unicode_ci;
/*!40101 SET character_set_client = @saved_cs_client */;

--
-- Dumping data for table `migrations`
--

LOCK TABLES `migrations` WRITE;
/*!40000 ALTER TABLE `migrations` DISABLE KEYS */;
INSERT INTO `migrations` VALUES ('2016_11_14_055740_create_teachers_table',1),('2016_11_14_121215_create_users',1),('2016_11_14_123220_create_students',1),('2016_11_14_132620_create_roles',1),('2016_11_22_121558_create_approvals',1),('2016_11_26_140953_create_admins',1),('2017_03_22_105024_create_hostels_table',1),('2017_03_22_111431_create_vendors_table',2),('2017_03_22_120754_create_products_table',2);
/*!40000 ALTER TABLE `migrations` ENABLE KEYS */;
UNLOCK TABLES;

--
-- Table structure for table `products`
--

DROP TABLE IF EXISTS `products`;
/*!40101 SET @saved_cs_client     = @@character_set_client */;
/*!40101 SET character_set_client = utf8 */;
CREATE TABLE `products` (
  `id` int(10) unsigned NOT NULL AUTO_INCREMENT,
  `productset_id` int(11) NOT NULL,
  `vendor_id` int(11) NOT NULL,
  `left` int(11) NOT NULL,
  `price` int(11) NOT NULL,
  `monthly_orders` int(11) NOT NULL,
  `created_at` timestamp NOT NULL DEFAULT '0000-00-00 00:00:00',
  `updated_at` timestamp NOT NULL DEFAULT '0000-00-00 00:00:00',
  `name` varchar(255) COLLATE utf8_unicode_ci DEFAULT NULL,
  PRIMARY KEY (`id`)
) ENGINE=InnoDB AUTO_INCREMENT=37 DEFAULT CHARSET=utf8 COLLATE=utf8_unicode_ci;
/*!40101 SET character_set_client = @saved_cs_client */;

--
-- Dumping data for table `products`
--

LOCK TABLES `products` WRITE;
/*!40000 ALTER TABLE `products` DISABLE KEYS */;
INSERT INTO `products` VALUES (1,0,1,10,50,60,'0000-00-00 00:00:00','0000-00-00 00:00:00','Notebook'),(2,0,2,10,50,60,'0000-00-00 00:00:00','0000-00-00 00:00:00','Mango Juice'),(3,0,3,10,50,60,'0000-00-00 00:00:00','0000-00-00 00:00:00','Samosa'),(4,0,4,10,50,60,'0000-00-00 00:00:00','0000-00-00 00:00:00','Pen'),(5,0,5,10,50,60,'0000-00-00 00:00:00','0000-00-00 00:00:00','Orange Juice'),(6,0,6,10,50,60,'0000-00-00 00:00:00','0000-00-00 00:00:00','Samosa'),(7,0,7,10,50,60,'0000-00-00 00:00:00','0000-00-00 00:00:00','Notebook'),(8,0,8,10,50,60,'0000-00-00 00:00:00','0000-00-00 00:00:00','Mango Juice'),(9,0,9,10,50,60,'0000-00-00 00:00:00','0000-00-00 00:00:00','Kachori'),(10,0,10,10,50,60,'0000-00-00 00:00:00','0000-00-00 00:00:00','Notebook'),(11,0,11,10,50,60,'0000-00-00 00:00:00','0000-00-00 00:00:00','Orange Juice'),(12,0,12,10,50,60,'0000-00-00 00:00:00','0000-00-00 00:00:00','Samosa'),(13,0,13,10,50,60,'0000-00-00 00:00:00','0000-00-00 00:00:00','Pen'),(14,0,14,10,50,60,'0000-00-00 00:00:00','0000-00-00 00:00:00','Chocolate Shake'),(15,0,15,10,50,60,'0000-00-00 00:00:00','0000-00-00 00:00:00','Kachori'),(16,0,16,10,50,60,'0000-00-00 00:00:00','0000-00-00 00:00:00','Notebook'),(17,0,17,10,50,60,'0000-00-00 00:00:00','0000-00-00 00:00:00','Orange Juice'),(18,0,18,10,50,60,'0000-00-00 00:00:00','0000-00-00 00:00:00','Kachori'),(19,0,19,10,50,60,'0000-00-00 00:00:00','0000-00-00 00:00:00','Pencil'),(20,0,20,10,50,60,'0000-00-00 00:00:00','0000-00-00 00:00:00','Chocolate Shake'),(21,0,21,10,50,60,'0000-00-00 00:00:00','0000-00-00 00:00:00','Samosa'),(22,0,22,10,50,60,'0000-00-00 00:00:00','0000-00-00 00:00:00','Pen'),(23,0,23,10,50,60,'0000-00-00 00:00:00','0000-00-00 00:00:00','Mango Juice'),(24,0,24,10,50,60,'0000-00-00 00:00:00','0000-00-00 00:00:00','Samosa'),(25,0,25,10,50,60,'0000-00-00 00:00:00','0000-00-00 00:00:00','Pen'),(26,0,26,10,50,60,'0000-00-00 00:00:00','0000-00-00 00:00:00','Orange Juice'),(27,0,27,10,50,60,'0000-00-00 00:00:00','0000-00-00 00:00:00','Kachori'),(28,0,28,10,50,60,'0000-00-00 00:00:00','0000-00-00 00:00:00','Pencil'),(29,0,29,10,50,60,'0000-00-00 00:00:00','0000-00-00 00:00:00','Orange Juice'),(30,0,30,10,50,60,'0000-00-00 00:00:00','0000-00-00 00:00:00','Kachori'),(31,3,2,10,50,10,'2017-03-24 09:33:25','2017-03-24 09:33:25',NULL),(32,5,2,10,50,10,'2017-03-24 09:33:36','2017-03-24 09:33:36',NULL),(33,2,2,10,50,10,'2017-03-24 09:36:26','2017-03-24 09:36:26','Pencil'),(34,8,32,10,50,10,'2017-03-25 12:09:31','2017-03-25 12:09:31','Samosa'),(35,7,32,10,50,10,'2017-03-25 12:09:42','2017-03-25 12:09:42','Kachori'),(36,2,32,10,50,10,'2017-03-25 12:10:14','2017-03-25 12:10:14','Pencil');
/*!40000 ALTER TABLE `products` ENABLE KEYS */;
UNLOCK TABLES;

--
-- Table structure for table `productset`
--

DROP TABLE IF EXISTS `productset`;
/*!40101 SET @saved_cs_client     = @@character_set_client */;
/*!40101 SET character_set_client = utf8 */;
CREATE TABLE `productset` (
  `id` int(10) unsigned NOT NULL AUTO_INCREMENT,
  `img` varchar(250) COLLATE utf8_unicode_ci NOT NULL,
  `name` varchar(250) COLLATE utf8_unicode_ci NOT NULL,
  `created_at` timestamp NOT NULL DEFAULT '0000-00-00 00:00:00',
  `updated_at` timestamp NOT NULL DEFAULT '0000-00-00 00:00:00',
  PRIMARY KEY (`id`)
) ENGINE=InnoDB AUTO_INCREMENT=9 DEFAULT CHARSET=utf8 COLLATE=utf8_unicode_ci;
/*!40101 SET character_set_client = @saved_cs_client */;

--
-- Dumping data for table `productset`
--

LOCK TABLES `productset` WRITE;
/*!40000 ALTER TABLE `productset` DISABLE KEYS */;
INSERT INTO `productset` VALUES (1,'','Pen','0000-00-00 00:00:00','0000-00-00 00:00:00'),(2,'','Pencil','0000-00-00 00:00:00','0000-00-00 00:00:00'),(3,'','Notebook','0000-00-00 00:00:00','0000-00-00 00:00:00'),(4,'','Mango Juice','0000-00-00 00:00:00','0000-00-00 00:00:00'),(5,'','Orange Juice','0000-00-00 00:00:00','0000-00-00 00:00:00'),(6,'','Chocolate Shake','0000-00-00 00:00:00','0000-00-00 00:00:00'),(7,'','Kachori','0000-00-00 00:00:00','0000-00-00 00:00:00'),(8,'','Samosa','0000-00-00 00:00:00','0000-00-00 00:00:00');
/*!40000 ALTER TABLE `productset` ENABLE KEYS */;
UNLOCK TABLES;

--
-- Table structure for table `roles`
--

DROP TABLE IF EXISTS `roles`;
/*!40101 SET @saved_cs_client     = @@character_set_client */;
/*!40101 SET character_set_client = utf8 */;
CREATE TABLE `roles` (
  `id` int(10) unsigned NOT NULL AUTO_INCREMENT,
  `user_id` int(11) NOT NULL,
  `role` enum('faculty','hod','dept_librarian','lab_supervisor1','lab_supervisor2','lab_supervisor3','dept_thesis','caretaker','warden','qip_coord','daysch_affairs','stud_affairs','supervisor_guide','lib_thesis','dy_librarian','ast_librarian','librarian','cc_incharge','mech_workshop','dy_account_sec','ast_account_sec','account_sec','dy_acad_reg','ast_acad_reg','acad_reg','gymkhana') COLLATE utf8_unicode_ci NOT NULL,
  `domain_field` varchar(255) COLLATE utf8_unicode_ci NOT NULL,
  `domain_val` varchar(255) COLLATE utf8_unicode_ci NOT NULL,
  `created_at` timestamp NOT NULL DEFAULT '0000-00-00 00:00:00',
  `updated_at` timestamp NOT NULL DEFAULT '0000-00-00 00:00:00',
  PRIMARY KEY (`id`)
) ENGINE=InnoDB DEFAULT CHARSET=utf8 COLLATE=utf8_unicode_ci;
/*!40101 SET character_set_client = @saved_cs_client */;

--
-- Dumping data for table `roles`
--

LOCK TABLES `roles` WRITE;
/*!40000 ALTER TABLE `roles` DISABLE KEYS */;
/*!40000 ALTER TABLE `roles` ENABLE KEYS */;
UNLOCK TABLES;

--
-- Table structure for table `teachers`
--

DROP TABLE IF EXISTS `teachers`;
/*!40101 SET @saved_cs_client     = @@character_set_client */;
/*!40101 SET character_set_client = utf8 */;
CREATE TABLE `teachers` (
  `id` int(10) unsigned NOT NULL AUTO_INCREMENT,
  `user_id` int(11) NOT NULL,
  `full_name` varchar(250) COLLATE utf8_unicode_ci NOT NULL,
  `department` varchar(255) COLLATE utf8_unicode_ci NOT NULL,
  `created_at` timestamp NOT NULL DEFAULT '0000-00-00 00:00:00',
  `updated_at` timestamp NOT NULL DEFAULT '0000-00-00 00:00:00',
  PRIMARY KEY (`id`)
) ENGINE=InnoDB DEFAULT CHARSET=utf8 COLLATE=utf8_unicode_ci;
/*!40101 SET character_set_client = @saved_cs_client */;

--
-- Dumping data for table `teachers`
--

LOCK TABLES `teachers` WRITE;
/*!40000 ALTER TABLE `teachers` DISABLE KEYS */;
/*!40000 ALTER TABLE `teachers` ENABLE KEYS */;
UNLOCK TABLES;

--
-- Table structure for table `vendors`
--

DROP TABLE IF EXISTS `vendors`;
/*!40101 SET @saved_cs_client     = @@character_set_client */;
/*!40101 SET character_set_client = utf8 */;
CREATE TABLE `vendors` (
  `id` int(10) unsigned NOT NULL AUTO_INCREMENT,
  `hostel_id` int(11) NOT NULL,
  `username` varchar(250) COLLATE utf8_unicode_ci NOT NULL,
  `created_at` timestamp NOT NULL DEFAULT '0000-00-00 00:00:00',
  `updated_at` timestamp NOT NULL DEFAULT '0000-00-00 00:00:00',
  `store_type` varchar(45) COLLATE utf8_unicode_ci DEFAULT NULL,
  `password` varchar(145) COLLATE utf8_unicode_ci DEFAULT NULL,
  `remember_token` varchar(145) COLLATE utf8_unicode_ci DEFAULT NULL,
  PRIMARY KEY (`id`)
) ENGINE=InnoDB AUTO_INCREMENT=33 DEFAULT CHARSET=utf8 COLLATE=utf8_unicode_ci;
/*!40101 SET character_set_client = @saved_cs_client */;

--
-- Dumping data for table `vendors`
--

LOCK TABLES `vendors` WRITE;
/*!40000 ALTER TABLE `vendors` DISABLE KEYS */;
INSERT INTO `vendors` VALUES (1,1,'KAPILI_stationary','0000-00-00 00:00:00','0000-00-00 00:00:00','stationary',NULL,NULL),(2,1,'KAPILI_juice','0000-00-00 00:00:00','0000-00-00 00:00:00','juice',NULL,NULL),(3,1,'KAPILI_canteen','0000-00-00 00:00:00','0000-00-00 00:00:00','canteen',NULL,NULL),(4,2,'KAMENG_stationary','0000-00-00 00:00:00','0000-00-00 00:00:00','stationary',NULL,NULL),(5,2,'KAMENG_juice','0000-00-00 00:00:00','0000-00-00 00:00:00','juice',NULL,NULL),(6,2,'KAMENG_canteen','0000-00-00 00:00:00','0000-00-00 00:00:00','canteen',NULL,NULL),(7,3,'SIANG_stationary','0000-00-00 00:00:00','0000-00-00 00:00:00','stationary',NULL,NULL),(8,3,'SIANG_juice','0000-00-00 00:00:00','0000-00-00 00:00:00','juice',NULL,NULL),(9,3,'SIANG_canteen','0000-00-00 00:00:00','0000-00-00 00:00:00','canteen',NULL,NULL),(10,4,'MANAS_stationary','0000-00-00 00:00:00','0000-00-00 00:00:00','stationary',NULL,NULL),(11,4,'MANAS_juice','0000-00-00 00:00:00','0000-00-00 00:00:00','juice',NULL,NULL),(12,4,'MANAS_canteen','0000-00-00 00:00:00','0000-00-00 00:00:00','canteen',NULL,NULL),(13,5,'BARAK_stationary','0000-00-00 00:00:00','0000-00-00 00:00:00','stationary',NULL,NULL),(14,5,'BARAK_juice','0000-00-00 00:00:00','0000-00-00 00:00:00','juice',NULL,NULL),(15,5,'BARAK_canteen','0000-00-00 00:00:00','0000-00-00 00:00:00','canteen',NULL,NULL),(16,6,'UMIAM_stationary','0000-00-00 00:00:00','0000-00-00 00:00:00','stationary',NULL,NULL),(17,6,'UMIAM_juice','0000-00-00 00:00:00','0000-00-00 00:00:00','juice',NULL,NULL),(18,6,'UMIAM_canteen','0000-00-00 00:00:00','0000-00-00 00:00:00','canteen',NULL,NULL),(19,7,'DHANSIRI_stationary','0000-00-00 00:00:00','0000-00-00 00:00:00','stationary',NULL,NULL),(20,7,'DHANSIRI_juice','0000-00-00 00:00:00','0000-00-00 00:00:00','juice',NULL,NULL),(21,7,'DHANSIRI_canteen','0000-00-00 00:00:00','0000-00-00 00:00:00','canteen',NULL,NULL),(22,8,'SUBANSIRI_stationary','0000-00-00 00:00:00','0000-00-00 00:00:00','stationary',NULL,NULL),(23,8,'SUBANSIRI_juice','0000-00-00 00:00:00','0000-00-00 00:00:00','juice',NULL,NULL),(24,8,'SUBANSIRI_canteen','0000-00-00 00:00:00','0000-00-00 00:00:00','canteen',NULL,NULL),(25,9,'BRAHMAPUTRA_stationary','0000-00-00 00:00:00','0000-00-00 00:00:00','stationary',NULL,NULL),(26,9,'BRAHMAPUTRA_juice','0000-00-00 00:00:00','0000-00-00 00:00:00','juice',NULL,NULL),(27,9,'BRAHMAPUTRA_canteen','0000-00-00 00:00:00','0000-00-00 00:00:00','canteen',NULL,NULL),(28,10,'DIHING_stationary','0000-00-00 00:00:00','0000-00-00 00:00:00','stationary',NULL,NULL),(29,10,'DIHING_juice','0000-00-00 00:00:00','0000-00-00 00:00:00','juice',NULL,NULL),(30,10,'DIHING_canteen','0000-00-00 00:00:00','0000-00-00 00:00:00','canteen',NULL,NULL),(31,1,'vendor1','2017-03-25 11:41:02','2017-03-25 11:41:02','stationary',NULL,NULL),(32,1,'station1','2017-03-25 11:50:12','2017-03-25 11:51:38','stationary','$2y$10$5tPlt9gbxuquEtkdu/hLoO848yY.EtgaKI60VyvaTyzjHyIC0WJ/y','euB6EZ8z0ze1U5cBCitZNaovaMdkVEbJKo542YZ0BG05Jrx1N939sBQSVYsV');
/*!40000 ALTER TABLE `vendors` ENABLE KEYS */;
UNLOCK TABLES;
/*!40103 SET TIME_ZONE=@OLD_TIME_ZONE */;

/*!40101 SET SQL_MODE=@OLD_SQL_MODE */;
/*!40014 SET FOREIGN_KEY_CHECKS=@OLD_FOREIGN_KEY_CHECKS */;
/*!40014 SET UNIQUE_CHECKS=@OLD_UNIQUE_CHECKS */;
/*!40101 SET CHARACTER_SET_CLIENT=@OLD_CHARACTER_SET_CLIENT */;
/*!40101 SET CHARACTER_SET_RESULTS=@OLD_CHARACTER_SET_RESULTS */;
/*!40101 SET COLLATION_CONNECTION=@OLD_COLLATION_CONNECTION */;
/*!40111 SET SQL_NOTES=@OLD_SQL_NOTES */;

-- Dump completed on 2017-03-26  1:09:17
